"status","original_url","chosen_candidate","final_url","local_path","bytes","content_type"
"failed-cached","http://farm2.static.flickr.com/1046/1333018723_fbf6f3a013_o.png","","","","",""
"failed-cached","http://farm2.static.flickr.com/1308/960993267_2b3e6f4d98_o.png","","","","",""
"failed-cached","http://farm3.static.flickr.com/2040/2382560385_4e71c96bee.jpg","","","","",""
"failed-cached","http://farm3.static.flickr.com/2187/2326232424_fb52973924.jpg","","","","",""
"failed-cached","http://farm4.static.flickr.com/3048/2635231911_fc4a071e58.jpg","","","","",""
"failed-cached","http://farm4.static.flickr.com/3150/2325196753_a7d7cb5249.jpg","","","","",""
"failed-cached","http://static.flickr.com/2015/2063698110_0295cb32cf.jpg","","","","",""
"failed-cached","http://static.flickr.com/2021/2093200808_9950bc48d8.jpg","","","","",""
"failed-cached","http://static.flickr.com/2043/1839444596_b8e32554ab.jpg","","","","",""
"failed-cached","http://static.flickr.com/2081/2063696352_f2e0683cd3.jpg","","","","",""
"failed-cached","http://static.flickr.com/2089/2062902315_68b63a2374.jpg","","","","",""
"failed-cached","http://static.flickr.com/2093/2062903677_c50c4ebbfa.jpg","","","","",""
"failed-cached","http://static.flickr.com/2095/2093201120_5d61e7684f.jpg","","","","",""
"failed-cached","http://static.flickr.com/2096/1838619279_bef708935d.jpg","","","","",""
"failed-cached","http://static.flickr.com/2110/2063696560_37f5338697.jpg","","","","",""
"failed-cached","http://static.flickr.com/2110/2063696774_dd5878d1f6.jpg","","","","",""
"failed-cached","http://static.flickr.com/2111/1838621181_e5c7853bda.jpg","","","","",""
"failed-cached","http://static.flickr.com/2141/2093201156_c776ab9cab.jpg","","","","",""
"failed-cached","http://static.flickr.com/2146/2093200884_66827afa83.jpg","","","","",""
"failed-cached","http://static.flickr.com/2153/2040304106_8622e7c756.jpg","","","","",""
"failed-cached","http://static.flickr.com/2161/2062904719_ec74c68d9a.jpg","","","","",""
"failed-cached","http://static.flickr.com/2169/1839440978_04b3b5a5be.jpg","","","","",""
"failed-cached","http://static.flickr.com/2179/2062903203_a71fb05028.jpg","","","","",""
"failed-cached","http://static.flickr.com/2190/2062904483_f82e729052.jpg","","","","",""
"failed-cached","http://static.flickr.com/2190/2062905505_a8d84aa55f.jpg","","","","",""
"failed-cached","http://static.flickr.com/2195/2039507897_11a5f416cb.jpg","","","","",""
"failed-cached","http://static.flickr.com/2197/2063696878_5fff772a81.jpg","","","","",""
"failed-cached","http://static.flickr.com/2225/2093200738_40ecda9d3c.jpg","","","","",""
"failed-cached","http://static.flickr.com/2226/2063695408_6aaf20b0b9.jpg","","","","",""
"failed-cached","http://static.flickr.com/2247/2062902495_2a2ac42de0.jpg","","","","",""
"failed-cached","http://static.flickr.com/2259/2040302402_fdc6781686.jpg","","","","",""
"failed-cached","http://static.flickr.com/2269/2063699560_02a08042b5.jpg","","","","",""
"failed-cached","http://static.flickr.com/2272/1838613479_685cec49f4.jpg","","","","",""
"failed-cached","http://static.flickr.com/2278/2062901847_07e1f8f14b.jpg","","","","",""
"failed-cached","http://static.flickr.com/2294/1839442814_4432a1ff29.jpg","","","","",""
"failed-cached","http://static.flickr.com/2295/2063698446_71b259bf27.jpg","","","","",""
"failed-cached","http://static.flickr.com/2300/2040301946_7f8d0495eb.jpg","","","","",""
"failed-cached","http://static.flickr.com/2305/2062902811_745e46e8ae.jpg","","","","",""
"failed-cached","http://static.flickr.com/2307/1839446230_434bd4636d.jpg","","","","",""
"failed-cached","http://static.flickr.com/2309/2039505933_4f11ab041c.jpg","","","","",""
"failed-cached","http://static.flickr.com/2316/1838617727_7156a68f59.jpg","","","","",""
"failed-cached","http://static.flickr.com/2320/2040303024_a69131c937.jpg","","","","",""
"failed-cached","http://static.flickr.com/2321/2063697000_2447f5489b.jpg","","","","",""
"failed-cached","http://static.flickr.com/2324/2062902431_595b2a3c2c.jpg","","","","",""
"failed-cached","http://static.flickr.com/2340/1839437908_125041eb10_m.jpg","","","","",""
"failed-cached","http://static.flickr.com/2346/2062902583_e98b28e4b1.jpg","","","","",""
"failed-cached","http://static.flickr.com/2351/1838621715_8fdd4c4f4a.jpg","","","","",""
"failed-cached","http://static.flickr.com/2356/1838620563_46a70b010d.jpg","","","","",""
"failed-cached","http://static.flickr.com/2362/2093201200_0877d85bfd.jpg","","","","",""
"failed-cached","http://static.flickr.com/2373/2062904795_c7f6d1ca6b.jpg","","","","",""
"failed-cached","http://static.flickr.com/2377/1838615535_6734afabae.jpg","","","","",""
"failed-cached","http://static.flickr.com/2377/2039508233_9c2cbf5695.jpg","","","","",""
"failed-cached","http://static.flickr.com/2379/2093200956_d861c89978.jpg","","","","",""
"failed-cached","http://static.flickr.com/2380/2092422141_2bc7a5db87.jpg","","","","",""
"failed-cached","http://static.flickr.com/2390/2063695548_68a1e15ffd.jpg","","","","",""
"failed-cached","http://static.flickr.com/2392/1839448466_1c18cec02e.jpg","","","","",""
"failed-cached","http://static.flickr.com/2415/1839438904_81abaa7295_m.jpg","","","","",""
"failed-cached","http://static.flickr.com/2418/2093201056_352118b4ca.jpg","","","","",""
"failed-cached","http://static.flickr.com/49/124212986_5e35b92317_m.jpg","","","","",""
"downloaded","https://blogger.googleusercontent.com/img/a/AVvXsEjlHDbp0y3llmwquBaiqg_WJVnf3ppBbjKmWqhjKbvRkLTGgd7h4Etp5z4jyxS_NSF6OL4AsPvdi0w2kFSA1wi4bRBMfDwQJqXoopdllN64YrYnFh8AniYmDFgIHS0MmJX8hnDZSzaoJNMCfacfqMrQVMrOidbxOkZtOd5WErjFwiDfe4ZzDwE=w320-h243","https://blogger.googleusercontent.com/img/a/AVvXsEjlHDbp0y3llmwquBaiqg_WJVnf3ppBbjKmWqhjKbvRkLTGgd7h4Etp5z4jyxS_NSF6OL4AsPvdi0w2kFSA1wi4bRBMfDwQJqXoopdllN64YrYnFh8AniYmDFgIHS0MmJX8hnDZSzaoJNMCfacfqMrQVMrOidbxOkZtOd5WErjFwiDfe4ZzDwE=w320-h243","https://blogger.googleusercontent.com/img/a/AVvXsEjlHDbp0y3llmwquBaiqg_WJVnf3ppBbjKmWqhjKbvRkLTGgd7h4Etp5z4jyxS_NSF6OL4AsPvdi0w2kFSA1wi4bRBMfDwQJqXoopdllN64YrYnFh8AniYmDFgIHS0MmJX8hnDZSzaoJNMCfacfqMrQVMrOidbxOkZtOd5WErjFwiDfe4ZzDwE=w320-h243","/assets/images/blogger.googleusercontent.com/bcd52b3466166a55.png","41983","image/png"
"downloaded","https://blogger.googleusercontent.com/img/b/R29vZ2xl/AVvXsEgaHQ0OuE2QkZ10e6o3oTuWv2BTe-SqfOOosIgXjDu84KJthu3a-SB6ZMqFw7AsDupWiQ9GN-A2ToUSy2GqGvsOgrDx4Th8MZlyFnte9kpmGc8OPf7ntV0pe9iAIfJlnaG07TDk5w/s400/MozSpaces+-+Stream+2+-+The+River+of+Space.png","https://blogger.googleusercontent.com/img/b/R29vZ2xl/AVvXsEgaHQ0OuE2QkZ10e6o3oTuWv2BTe-SqfOOosIgXjDu84KJthu3a-SB6ZMqFw7AsDupWiQ9GN-A2ToUSy2GqGvsOgrDx4Th8MZlyFnte9kpmGc8OPf7ntV0pe9iAIfJlnaG07TDk5w/s400/MozSpaces+-+Stream+2+-+The+River+of+Space.png","https://blogger.googleusercontent.com/img/b/R29vZ2xl/AVvXsEgaHQ0OuE2QkZ10e6o3oTuWv2BTe-SqfOOosIgXjDu84KJthu3a-SB6ZMqFw7AsDupWiQ9GN-A2ToUSy2GqGvsOgrDx4Th8MZlyFnte9kpmGc8OPf7ntV0pe9iAIfJlnaG07TDk5w/s400/MozSpaces+-+Stream+2+-+The+River+of+Space.png","/assets/images/blogger.googleusercontent.com/8d1d7c71bbde9bc2.png","226545","image/png"
"downloaded","https://blogger.googleusercontent.com/img/b/R29vZ2xl/AVvXsEgCpNkMco2s4N8FOus0SFawxCP9RcdH152tyiTGjfMClAmmP5zieZCG5wMecL4_-nOYS8y7a_RXP25AVm7_DJmpI9tObgQPnmR2mlP2WqoifyLA1XgdIwCoKa5RxrmOQGF3vIsaEw/s1600/21367058_1190062407765304_8342412615323831278_o.jpg","https://blogger.googleusercontent.com/img/b/R29vZ2xl/AVvXsEgCpNkMco2s4N8FOus0SFawxCP9RcdH152tyiTGjfMClAmmP5zieZCG5wMecL4_-nOYS8y7a_RXP25AVm7_DJmpI9tObgQPnmR2mlP2WqoifyLA1XgdIwCoKa5RxrmOQGF3vIsaEw/s1600/21367058_1190062407765304_8342412615323831278_o.jpg","https://blogger.googleusercontent.com/img/b/R29vZ2xl/AVvXsEgCpNkMco2s4N8FOus0SFawxCP9RcdH152tyiTGjfMClAmmP5zieZCG5wMecL4_-nOYS8y7a_RXP25AVm7_DJmpI9tObgQPnmR2mlP2WqoifyLA1XgdIwCoKa5RxrmOQGF3vIsaEw/s1600/21367058_1190062407765304_8342412615323831278_o.jpg","/assets/images/blogger.googleusercontent.com/c326bdf3d3bc9333.jpg","112333","image/jpeg"
"downloaded","https://blogger.googleusercontent.com/img/b/R29vZ2xl/AVvXsEg_vJL-6EwpZjFz_KyFJVlt41ePZ1TKoDcbVkRACav_DT2ElRQMopGtraIfYNPDzmA7pxbNNMmWteS6MRKV0J2wu3B-OPiwqLpXKf9cjWJpOe34ZyzRQM9zAsJHQXXaUV_tJ4tdug/s320/_%25E8%25B4%258A%25E5%258A%25A9%25E6%2596%25B9%25E6%25A1%2588.png","https://blogger.googleusercontent.com/img/b/R29vZ2xl/AVvXsEg_vJL-6EwpZjFz_KyFJVlt41ePZ1TKoDcbVkRACav_DT2ElRQMopGtraIfYNPDzmA7pxbNNMmWteS6MRKV0J2wu3B-OPiwqLpXKf9cjWJpOe34ZyzRQM9zAsJHQXXaUV_tJ4tdug/s320/_%25E8%25B4%258A%25E5%258A%25A9%25E6%2596%25B9%25E6%25A1%2588.png","https://blogger.googleusercontent.com/img/b/R29vZ2xl/AVvXsEg_vJL-6EwpZjFz_KyFJVlt41ePZ1TKoDcbVkRACav_DT2ElRQMopGtraIfYNPDzmA7pxbNNMmWteS6MRKV0J2wu3B-OPiwqLpXKf9cjWJpOe34ZyzRQM9zAsJHQXXaUV_tJ4tdug/s320/_%25E8%25B4%258A%25E5%258A%25A9%25E6%2596%25B9%25E6%25A1%2588.png","/assets/images/blogger.googleusercontent.com/57ab5f7d60235656.png","41540","image/png"
"downloaded","https://blogger.googleusercontent.com/img/b/R29vZ2xl/AVvXsEg6-EuBj3VwtXNqvUTo5ksVS0M9aVO7OCZPGufeuv5v6sYQTh9JgVVJSooVCTwFSRWP-JgGFgoi1JlzX8zrVapifOHuMGoTTVTncv0vu4sHw1BUlmehYMMY5OUjoG9Tv54iSq0xwg/s640/MozTW+Firefox+4+%2540+Win7.png","https://blogger.googleusercontent.com/img/b/R29vZ2xl/AVvXsEg6-EuBj3VwtXNqvUTo5ksVS0M9aVO7OCZPGufeuv5v6sYQTh9JgVVJSooVCTwFSRWP-JgGFgoi1JlzX8zrVapifOHuMGoTTVTncv0vu4sHw1BUlmehYMMY5OUjoG9Tv54iSq0xwg/s640/MozTW+Firefox+4+%2540+Win7.png","https://blogger.googleusercontent.com/img/b/R29vZ2xl/AVvXsEg6-EuBj3VwtXNqvUTo5ksVS0M9aVO7OCZPGufeuv5v6sYQTh9JgVVJSooVCTwFSRWP-JgGFgoi1JlzX8zrVapifOHuMGoTTVTncv0vu4sHw1BUlmehYMMY5OUjoG9Tv54iSq0xwg/s640/MozTW+Firefox+4+%2540+Win7.png","/assets/images/blogger.googleusercontent.com/b41eac8884b969b4.png","221065","image/png"
"downloaded","https://blogger.googleusercontent.com/img/b/R29vZ2xl/AVvXsEg4p8rcRjEuZAdOO5kXAohM3iAo5Hd93siZZKpIKUyxMgtmE4V7e2k67nv4CrJQlDijv3-rqkiArkUM2GESxutwCwWnT6CT5xOHwmT9Hsrs0nc7jLTWrIuQ7dFq1CBSg8UQ_4OYXw/s640/MozTW+Firefox+4+%2540+Mac.png","https://blogger.googleusercontent.com/img/b/R29vZ2xl/AVvXsEg4p8rcRjEuZAdOO5kXAohM3iAo5Hd93siZZKpIKUyxMgtmE4V7e2k67nv4CrJQlDijv3-rqkiArkUM2GESxutwCwWnT6CT5xOHwmT9Hsrs0nc7jLTWrIuQ7dFq1CBSg8UQ_4OYXw/s640/MozTW+Firefox+4+%2540+Mac.png","https://blogger.googleusercontent.com/img/b/R29vZ2xl/AVvXsEg4p8rcRjEuZAdOO5kXAohM3iAo5Hd93siZZKpIKUyxMgtmE4V7e2k67nv4CrJQlDijv3-rqkiArkUM2GESxutwCwWnT6CT5xOHwmT9Hsrs0nc7jLTWrIuQ7dFq1CBSg8UQ_4OYXw/s640/MozTW+Firefox+4+%2540+Mac.png","/assets/images/blogger.googleusercontent.com/f2890e8b8d5ff611.png","221450","image/png"
"downloaded","https://blogger.googleusercontent.com/img/b/R29vZ2xl/AVvXsEg3dqQr8pT1mDJYN_bliSDE6AH8ym1LbBzB-mTIOorMjvORe7SSFNXMu0rJp0GafGBDeaNIaWYww_FgBzy0VJq36kZQw8ZN50jHeORU8d32fzRBSSCYHpWPYSM_W-Uyc8BNFZOJXw/","https://blogger.googleusercontent.com/img/b/R29vZ2xl/AVvXsEg3dqQr8pT1mDJYN_bliSDE6AH8ym1LbBzB-mTIOorMjvORe7SSFNXMu0rJp0GafGBDeaNIaWYww_FgBzy0VJq36kZQw8ZN50jHeORU8d32fzRBSSCYHpWPYSM_W-Uyc8BNFZOJXw/","https://blogger.googleusercontent.com/img/b/R29vZ2xl/AVvXsEg3dqQr8pT1mDJYN_bliSDE6AH8ym1LbBzB-mTIOorMjvORe7SSFNXMu0rJp0GafGBDeaNIaWYww_FgBzy0VJq36kZQw8ZN50jHeORU8d32fzRBSSCYHpWPYSM_W-Uyc8BNFZOJXw/","/assets/images/blogger.googleusercontent.com/30815331e95b25be.png","27012","image/png"
"downloaded","https://blogger.googleusercontent.com/img/b/R29vZ2xl/AVvXsEg_yYTxY5PPU4qPIv-nkcJTaHfu0pHbpkqkovNzkzN2C8M54u0SxUY0pioTznZ2q7SPe5APSaKrMp1AmUOPlclFh59b_gUDqRI-H84Sk18-S3rKencPSb9840BhlYtzii-UrB8YxA/s9999/1489248925.png","https://blogger.googleusercontent.com/img/b/R29vZ2xl/AVvXsEg_yYTxY5PPU4qPIv-nkcJTaHfu0pHbpkqkovNzkzN2C8M54u0SxUY0pioTznZ2q7SPe5APSaKrMp1AmUOPlclFh59b_gUDqRI-H84Sk18-S3rKencPSb9840BhlYtzii-UrB8YxA/s9999/1489248925.png","https://blogger.googleusercontent.com/img/b/R29vZ2xl/AVvXsEg_yYTxY5PPU4qPIv-nkcJTaHfu0pHbpkqkovNzkzN2C8M54u0SxUY0pioTznZ2q7SPe5APSaKrMp1AmUOPlclFh59b_gUDqRI-H84Sk18-S3rKencPSb9840BhlYtzii-UrB8YxA/s9999/1489248925.png","/assets/images/blogger.googleusercontent.com/6909f7e8460b63a8.png","848728","image/png"
"downloaded","https://blogger.googleusercontent.com/img/b/R29vZ2xl/AVvXsEgfjKpIJv2Gk6yHGgMpJeHr-zf5bEiJ6Lokyrprg_AvLKyufJ92wYfUDTG7Es-6fnEX60ZcOq27cbGTpl9iq-tgan_SGYRmWqeE2GY0MGP66RRmOwINFgZPz9rueQQOIN4Egw8tKg/s640/social-0.png","https://blogger.googleusercontent.com/img/b/R29vZ2xl/AVvXsEgfjKpIJv2Gk6yHGgMpJeHr-zf5bEiJ6Lokyrprg_AvLKyufJ92wYfUDTG7Es-6fnEX60ZcOq27cbGTpl9iq-tgan_SGYRmWqeE2GY0MGP66RRmOwINFgZPz9rueQQOIN4Egw8tKg/s640/social-0.png","https://blogger.googleusercontent.com/img/b/R29vZ2xl/AVvXsEgfjKpIJv2Gk6yHGgMpJeHr-zf5bEiJ6Lokyrprg_AvLKyufJ92wYfUDTG7Es-6fnEX60ZcOq27cbGTpl9iq-tgan_SGYRmWqeE2GY0MGP66RRmOwINFgZPz9rueQQOIN4Egw8tKg/s640/social-0.png","/assets/images/blogger.googleusercontent.com/31ad00c8c1863170.png","223443","image/png"
"downloaded","https://blogger.googleusercontent.com/img/b/R29vZ2xl/AVvXsEgFrkA65jpPWJxLnNWvFBHbWY_xl1Rb0-yXkvNWgmnnvUjj_Slp5go3eZxBxXVMKTxesASd9syr0vHCL5A1jg7SV6W0K1SWuqso6YoPlRbpKoBQFSfCr2hnymaLBaAy5KUWpZ-GoA/s640/Events-of-Taiwan-community-evolution-challenges-and-survival-in-2012_Page_12.png","https://blogger.googleusercontent.com/img/b/R29vZ2xl/AVvXsEgFrkA65jpPWJxLnNWvFBHbWY_xl1Rb0-yXkvNWgmnnvUjj_Slp5go3eZxBxXVMKTxesASd9syr0vHCL5A1jg7SV6W0K1SWuqso6YoPlRbpKoBQFSfCr2hnymaLBaAy5KUWpZ-GoA/s640/Events-of-Taiwan-community-evolution-challenges-and-survival-in-2012_Page_12.png","https://blogger.googleusercontent.com/img/b/R29vZ2xl/AVvXsEgFrkA65jpPWJxLnNWvFBHbWY_xl1Rb0-yXkvNWgmnnvUjj_Slp5go3eZxBxXVMKTxesASd9syr0vHCL5A1jg7SV6W0K1SWuqso6YoPlRbpKoBQFSfCr2hnymaLBaAy5KUWpZ-GoA/s640/Events-of-Taiwan-community-evolution-challenges-and-survival-in-2012_Page_12.png","/assets/images/blogger.googleusercontent.com/87cfb0773cb7367b.png","384626","image/png"
"downloaded","https://blogger.googleusercontent.com/img/b/R29vZ2xl/AVvXsEgIpOUNmH_ycU0VlITPWXQKUSN_7KfjsQjU_U9j5HnV3rzNg2SVJYMnb3-A3ErOI-I5DeCL5_cO82mS4iOlTTgA_jYZIQdC7xwDEqjdsFM-mWwxWk-tlALQRf5uZUQmOxfzGPWdmQ/","https://blogger.googleusercontent.com/img/b/R29vZ2xl/AVvXsEgIpOUNmH_ycU0VlITPWXQKUSN_7KfjsQjU_U9j5HnV3rzNg2SVJYMnb3-A3ErOI-I5DeCL5_cO82mS4iOlTTgA_jYZIQdC7xwDEqjdsFM-mWwxWk-tlALQRf5uZUQmOxfzGPWdmQ/","https://blogger.googleusercontent.com/img/b/R29vZ2xl/AVvXsEgIpOUNmH_ycU0VlITPWXQKUSN_7KfjsQjU_U9j5HnV3rzNg2SVJYMnb3-A3ErOI-I5DeCL5_cO82mS4iOlTTgA_jYZIQdC7xwDEqjdsFM-mWwxWk-tlALQRf5uZUQmOxfzGPWdmQ/","/assets/images/blogger.googleusercontent.com/282199644227d3ec.png","29180","image/png"
"downloaded","https://blogger.googleusercontent.com/img/b/R29vZ2xl/AVvXsEgQPp00KwnVF6w36vODaA6ilGtmS7zuQfKMHK3plPRzDV6fgA9fsX8hVfwrPzMZevjchX9OgZWfHoUpucpeEJ1w5Cv7DZfc2ptnK8IINcQqrz_tXcRZz2c3FGVWaeukinjs4I8LOQ/s400/jetplurk+021+screenshot+-+2.png","https://blogger.googleusercontent.com/img/b/R29vZ2xl/AVvXsEgQPp00KwnVF6w36vODaA6ilGtmS7zuQfKMHK3plPRzDV6fgA9fsX8hVfwrPzMZevjchX9OgZWfHoUpucpeEJ1w5Cv7DZfc2ptnK8IINcQqrz_tXcRZz2c3FGVWaeukinjs4I8LOQ/s400/jetplurk+021+screenshot+-+2.png","https://blogger.googleusercontent.com/img/b/R29vZ2xl/AVvXsEgQPp00KwnVF6w36vODaA6ilGtmS7zuQfKMHK3plPRzDV6fgA9fsX8hVfwrPzMZevjchX9OgZWfHoUpucpeEJ1w5Cv7DZfc2ptnK8IINcQqrz_tXcRZz2c3FGVWaeukinjs4I8LOQ/s400/jetplurk+021+screenshot+-+2.png","/assets/images/blogger.googleusercontent.com/24c9c7ee5fae0d3c.png","88928","image/png"
"downloaded","https://blogger.googleusercontent.com/img/b/R29vZ2xl/AVvXsEgOATmlStXc7keGhXj3pLaD_6E9iGVJDzFTEd6xvmrYvaVd2rzd7y9ebdWeE3N6PEk-RD6UaotZYdgXJ7VgdAiVFbpoAgnb7B-eznkHy67ZYIvpzPAKUTVLqRyWniQrl1oYMbt7jg/s9999/1489249058.png","https://blogger.googleusercontent.com/img/b/R29vZ2xl/AVvXsEgOATmlStXc7keGhXj3pLaD_6E9iGVJDzFTEd6xvmrYvaVd2rzd7y9ebdWeE3N6PEk-RD6UaotZYdgXJ7VgdAiVFbpoAgnb7B-eznkHy67ZYIvpzPAKUTVLqRyWniQrl1oYMbt7jg/s9999/1489249058.png","https://blogger.googleusercontent.com/img/b/R29vZ2xl/AVvXsEgOATmlStXc7keGhXj3pLaD_6E9iGVJDzFTEd6xvmrYvaVd2rzd7y9ebdWeE3N6PEk-RD6UaotZYdgXJ7VgdAiVFbpoAgnb7B-eznkHy67ZYIvpzPAKUTVLqRyWniQrl1oYMbt7jg/s9999/1489249058.png","/assets/images/blogger.googleusercontent.com/3a50f741b4c67f01.png","911790","image/png"
"downloaded","https://blogger.googleusercontent.com/img/b/R29vZ2xl/AVvXsEgmDY38aQhQGxdyYI0Uca6nYBQauHe7HmODppHrEpVZ59jYzb5EU0oh27yXaDkzs-zYCJTo0DE_J1Qh0ID_IukfKq64aLLy-__QXXfFE6auXwpEgL1hPZQ2l9Uw6mmxf3PnTIxXxA/s640/Events-of-Taiwan-community-evolution-challenges-and-survival-in-2012_Page_04.png","https://blogger.googleusercontent.com/img/b/R29vZ2xl/AVvXsEgmDY38aQhQGxdyYI0Uca6nYBQauHe7HmODppHrEpVZ59jYzb5EU0oh27yXaDkzs-zYCJTo0DE_J1Qh0ID_IukfKq64aLLy-__QXXfFE6auXwpEgL1hPZQ2l9Uw6mmxf3PnTIxXxA/s640/Events-of-Taiwan-community-evolution-challenges-and-survival-in-2012_Page_04.png","https://blogger.googleusercontent.com/img/b/R29vZ2xl/AVvXsEgmDY38aQhQGxdyYI0Uca6nYBQauHe7HmODppHrEpVZ59jYzb5EU0oh27yXaDkzs-zYCJTo0DE_J1Qh0ID_IukfKq64aLLy-__QXXfFE6auXwpEgL1hPZQ2l9Uw6mmxf3PnTIxXxA/s640/Events-of-Taiwan-community-evolution-challenges-and-survival-in-2012_Page_04.png","/assets/images/blogger.googleusercontent.com/aae385474035c910.png","385578","image/png"
"downloaded","https://blogger.googleusercontent.com/img/b/R29vZ2xl/AVvXsEgKHppFTdzE9fJ0-NLWAeeaU07j27beLh0Ciu0SJN4UI5TqIYBFUXyGSozcLWfQb29YooiZvqQ4m2gKKOvDoO5dyxtF33b4gy4N_bWjfdjnQY187ZBtvhBNTSyRaZ5U-0xCN9IowA/s9999/1489248903.png","https://blogger.googleusercontent.com/img/b/R29vZ2xl/AVvXsEgKHppFTdzE9fJ0-NLWAeeaU07j27beLh0Ciu0SJN4UI5TqIYBFUXyGSozcLWfQb29YooiZvqQ4m2gKKOvDoO5dyxtF33b4gy4N_bWjfdjnQY187ZBtvhBNTSyRaZ5U-0xCN9IowA/s9999/1489248903.png","https://blogger.googleusercontent.com/img/b/R29vZ2xl/AVvXsEgKHppFTdzE9fJ0-NLWAeeaU07j27beLh0Ciu0SJN4UI5TqIYBFUXyGSozcLWfQb29YooiZvqQ4m2gKKOvDoO5dyxtF33b4gy4N_bWjfdjnQY187ZBtvhBNTSyRaZ5U-0xCN9IowA/s9999/1489248903.png","/assets/images/blogger.googleusercontent.com/6757a6ce777e5e8a.png","975771","image/png"
"downloaded","https://blogger.googleusercontent.com/img/b/R29vZ2xl/AVvXsEgUVERWulz5o1JQK-iAswRFzcwcML6nrI9jEjLQK8e1q8OjClgu0r0SmKn_zZf3yK7dxqd5NYHnubWBPtQOQOEyOD2aqRTM8ZuSoQhdTKeAFZEzw-uErO8F-zZWpw8DlkTv5qBx9Q/s400/social-4.png","https://blogger.googleusercontent.com/img/b/R29vZ2xl/AVvXsEgUVERWulz5o1JQK-iAswRFzcwcML6nrI9jEjLQK8e1q8OjClgu0r0SmKn_zZf3yK7dxqd5NYHnubWBPtQOQOEyOD2aqRTM8ZuSoQhdTKeAFZEzw-uErO8F-zZWpw8DlkTv5qBx9Q/s400/social-4.png","https://blogger.googleusercontent.com/img/b/R29vZ2xl/AVvXsEgUVERWulz5o1JQK-iAswRFzcwcML6nrI9jEjLQK8e1q8OjClgu0r0SmKn_zZf3yK7dxqd5NYHnubWBPtQOQOEyOD2aqRTM8ZuSoQhdTKeAFZEzw-uErO8F-zZWpw8DlkTv5qBx9Q/s400/social-4.png","/assets/images/blogger.googleusercontent.com/8977daddf202d9df.png","31424","image/png"
"downloaded","https://blogger.googleusercontent.com/img/b/R29vZ2xl/AVvXsEh61XDegSTQf-zpzBTjZOmLiG2kdWH5Zd81VOjK3cXxtc6NRJo0Nq3FEWpeVs6kJ3uH1VR4gEG0sNXVf8Xn8Zu5JrmWWW7-7Cbgye57p8IRtC6IcfkNvhPhAtjbmHv6WLKk2wzsbA/s640/%25E8%259E%25A2%25E5%25B9%2595%25E5%25BF%25AB%25E7%2585%25A7+2017-10-29+21.14.04.png","https://blogger.googleusercontent.com/img/b/R29vZ2xl/AVvXsEh61XDegSTQf-zpzBTjZOmLiG2kdWH5Zd81VOjK3cXxtc6NRJo0Nq3FEWpeVs6kJ3uH1VR4gEG0sNXVf8Xn8Zu5JrmWWW7-7Cbgye57p8IRtC6IcfkNvhPhAtjbmHv6WLKk2wzsbA/s640/%25E8%259E%25A2%25E5%25B9%2595%25E5%25BF%25AB%25E7%2585%25A7+2017-10-29+21.14.04.png","https://blogger.googleusercontent.com/img/b/R29vZ2xl/AVvXsEh61XDegSTQf-zpzBTjZOmLiG2kdWH5Zd81VOjK3cXxtc6NRJo0Nq3FEWpeVs6kJ3uH1VR4gEG0sNXVf8Xn8Zu5JrmWWW7-7Cbgye57p8IRtC6IcfkNvhPhAtjbmHv6WLKk2wzsbA/s640/%25E8%259E%25A2%25E5%25B9%2595%25E5%25BF%25AB%25E7%2585%25A7+2017-10-29+21.14.04.png","/assets/images/blogger.googleusercontent.com/6f5c2598ec0cd880.png","125733","image/png"
"downloaded","https://blogger.googleusercontent.com/img/b/R29vZ2xl/AVvXsEgSDdzHF-wPZ_N-MjXZBOx5fu85yVJyl0byB0doVWMMb5YUXJcMulXrrsyrOEtkVQLjS9dbsb63mVNXeAwhO0-HGNrh5jR42yY_nPaeJcucWo8VKkG6u63NTfxXUkdI83vWsjMmsg/s9999/1489249081.png","https://blogger.googleusercontent.com/img/b/R29vZ2xl/AVvXsEgSDdzHF-wPZ_N-MjXZBOx5fu85yVJyl0byB0doVWMMb5YUXJcMulXrrsyrOEtkVQLjS9dbsb63mVNXeAwhO0-HGNrh5jR42yY_nPaeJcucWo8VKkG6u63NTfxXUkdI83vWsjMmsg/s9999/1489249081.png","https://blogger.googleusercontent.com/img/b/R29vZ2xl/AVvXsEgSDdzHF-wPZ_N-MjXZBOx5fu85yVJyl0byB0doVWMMb5YUXJcMulXrrsyrOEtkVQLjS9dbsb63mVNXeAwhO0-HGNrh5jR42yY_nPaeJcucWo8VKkG6u63NTfxXUkdI83vWsjMmsg/s9999/1489249081.png","/assets/images/blogger.googleusercontent.com/9f384fb5b06a07f8.png","1103795","image/png"
"downloaded","https://blogger.googleusercontent.com/img/b/R29vZ2xl/AVvXsEh1mrET2unRIiy7OvrVrQHWk_ulTqPEUi85QxXo5ruQKapdiVYZtx9cS5rdKonwv6pK4dA0CxXpH4bd39G5sBLxmk1Iklv-WNDFTV_tQPSS6bMfvLtkxSDnuWqncMJIuOiRYOoEKg/s1600/2012-02-26+00.25.51.png","https://blogger.googleusercontent.com/img/b/R29vZ2xl/AVvXsEh1mrET2unRIiy7OvrVrQHWk_ulTqPEUi85QxXo5ruQKapdiVYZtx9cS5rdKonwv6pK4dA0CxXpH4bd39G5sBLxmk1Iklv-WNDFTV_tQPSS6bMfvLtkxSDnuWqncMJIuOiRYOoEKg/s1600/2012-02-26+00.25.51.png","https://blogger.googleusercontent.com/img/b/R29vZ2xl/AVvXsEh1mrET2unRIiy7OvrVrQHWk_ulTqPEUi85QxXo5ruQKapdiVYZtx9cS5rdKonwv6pK4dA0CxXpH4bd39G5sBLxmk1Iklv-WNDFTV_tQPSS6bMfvLtkxSDnuWqncMJIuOiRYOoEKg/s1600/2012-02-26+00.25.51.png","/assets/images/blogger.googleusercontent.com/979229065df563e8.png","51153","image/png"
"downloaded","https://blogger.googleusercontent.com/img/b/R29vZ2xl/AVvXsEh_lTJ0vrwEPL2mMHSh1D3ex1-M7YDjPTqqXJzhfmIxdfuXfB3UJaz_3DjvhPWAvwfb5eFefpTsG69WE9XsYDNs1MPhNhza1ZycNA7vpVnuNOqtVCdntkDQXSZgELxvZy2BydwGow/s640/Events-of-Taiwan-community-evolution-challenges-and-survival-in-2012_Page_16.png","https://blogger.googleusercontent.com/img/b/R29vZ2xl/AVvXsEh_lTJ0vrwEPL2mMHSh1D3ex1-M7YDjPTqqXJzhfmIxdfuXfB3UJaz_3DjvhPWAvwfb5eFefpTsG69WE9XsYDNs1MPhNhza1ZycNA7vpVnuNOqtVCdntkDQXSZgELxvZy2BydwGow/s640/Events-of-Taiwan-community-evolution-challenges-and-survival-in-2012_Page_16.png","https://blogger.googleusercontent.com/img/b/R29vZ2xl/AVvXsEh_lTJ0vrwEPL2mMHSh1D3ex1-M7YDjPTqqXJzhfmIxdfuXfB3UJaz_3DjvhPWAvwfb5eFefpTsG69WE9XsYDNs1MPhNhza1ZycNA7vpVnuNOqtVCdntkDQXSZgELxvZy2BydwGow/s640/Events-of-Taiwan-community-evolution-challenges-and-survival-in-2012_Page_16.png","/assets/images/blogger.googleusercontent.com/7d3b2b0ac760aca8.png","408415","image/png"
"downloaded","https://blogger.googleusercontent.com/img/b/R29vZ2xl/AVvXsEh4M_TAegAvuhFjKDDRytBSj4sfW1SzkvSr8JZIOyXUOo2yVmdp7kNByUhbtvjirFDfjh2uZqsDkm0MdQYHW4N3xoOPGaOC81It9hVQ9JZUpVKP-konlt8fwkDVq8BkyXjh4GA1Lg/s1600/%25E6%259C%25AA%25E5%2591%25BD%25E5%2590%258D-1.png","https://blogger.googleusercontent.com/img/b/R29vZ2xl/AVvXsEh4M_TAegAvuhFjKDDRytBSj4sfW1SzkvSr8JZIOyXUOo2yVmdp7kNByUhbtvjirFDfjh2uZqsDkm0MdQYHW4N3xoOPGaOC81It9hVQ9JZUpVKP-konlt8fwkDVq8BkyXjh4GA1Lg/s1600/%25E6%259C%25AA%25E5%2591%25BD%25E5%2590%258D-1.png","https://blogger.googleusercontent.com/img/b/R29vZ2xl/AVvXsEh4M_TAegAvuhFjKDDRytBSj4sfW1SzkvSr8JZIOyXUOo2yVmdp7kNByUhbtvjirFDfjh2uZqsDkm0MdQYHW4N3xoOPGaOC81It9hVQ9JZUpVKP-konlt8fwkDVq8BkyXjh4GA1Lg/s1600/%25E6%259C%25AA%25E5%2591%25BD%25E5%2590%258D-1.png","/assets/images/blogger.googleusercontent.com/c831367fecffcb58.png","164442","image/png"
"downloaded","https://blogger.googleusercontent.com/img/b/R29vZ2xl/AVvXsEh40Zl0EEFNEOSirStasg41kpcJVpaCPQlcRDyo1eK2FJi1TW_WRBqaku8QnDGgWtdNTJhyphenhyphenEXmW8q8aEvYMAMzgqXpqTDh8OM8l4vpqilOkBpAnAkuVznAlZzb_apoYhdIj-TGbwA/s400/MozTW+Firefox+4+%2540+iPhone+-+1.png","https://blogger.googleusercontent.com/img/b/R29vZ2xl/AVvXsEh40Zl0EEFNEOSirStasg41kpcJVpaCPQlcRDyo1eK2FJi1TW_WRBqaku8QnDGgWtdNTJhyphenhyphenEXmW8q8aEvYMAMzgqXpqTDh8OM8l4vpqilOkBpAnAkuVznAlZzb_apoYhdIj-TGbwA/s400/MozTW+Firefox+4+%2540+iPhone+-+1.png","https://blogger.googleusercontent.com/img/b/R29vZ2xl/AVvXsEh40Zl0EEFNEOSirStasg41kpcJVpaCPQlcRDyo1eK2FJi1TW_WRBqaku8QnDGgWtdNTJhyphenhyphenEXmW8q8aEvYMAMzgqXpqTDh8OM8l4vpqilOkBpAnAkuVznAlZzb_apoYhdIj-TGbwA/s400/MozTW+Firefox+4+%2540+iPhone+-+1.png","/assets/images/blogger.googleusercontent.com/e7f2dbdec6a2a171.png","58402","image/png"
"downloaded","https://blogger.googleusercontent.com/img/b/R29vZ2xl/AVvXsEh326zuCGwQKFngkPlq7ETR6jr9BIMH_oBNxkBsY-6G3Y6NJHl_WHd7cV_JcnKtxTQvEYkDqg4Tu_4dqaTPzbpYYsRU2Op4FEnOVoNRxOOxobBDJsdqoybdkwWhOcwKckrw2bbqdw/s9999/1489248627.png","https://blogger.googleusercontent.com/img/b/R29vZ2xl/AVvXsEh326zuCGwQKFngkPlq7ETR6jr9BIMH_oBNxkBsY-6G3Y6NJHl_WHd7cV_JcnKtxTQvEYkDqg4Tu_4dqaTPzbpYYsRU2Op4FEnOVoNRxOOxobBDJsdqoybdkwWhOcwKckrw2bbqdw/s9999/1489248627.png","https://blogger.googleusercontent.com/img/b/R29vZ2xl/AVvXsEh326zuCGwQKFngkPlq7ETR6jr9BIMH_oBNxkBsY-6G3Y6NJHl_WHd7cV_JcnKtxTQvEYkDqg4Tu_4dqaTPzbpYYsRU2Op4FEnOVoNRxOOxobBDJsdqoybdkwWhOcwKckrw2bbqdw/s9999/1489248627.png","/assets/images/blogger.googleusercontent.com/6d561b333cc65113.png","995447","image/png"
"downloaded","https://blogger.googleusercontent.com/img/b/R29vZ2xl/AVvXsEh83xkoL58KNWdCQNAe3jh3PRDwHOoUwi1YjOapDsqSWVQ-UTMf5tsghW0LNXQPJDcKhyphenhyphenqR8x56LSaoQaHOmD7zUc_ha_C9uqL5cxfgfdr6ZJbOR95pb9kB_20vSfQgdVnMm1F7tQ/s640/Events-of-Taiwan-community-evolution-challenges-and-survival-in-2012_Page_19.png","https://blogger.googleusercontent.com/img/b/R29vZ2xl/AVvXsEh83xkoL58KNWdCQNAe3jh3PRDwHOoUwi1YjOapDsqSWVQ-UTMf5tsghW0LNXQPJDcKhyphenhyphenqR8x56LSaoQaHOmD7zUc_ha_C9uqL5cxfgfdr6ZJbOR95pb9kB_20vSfQgdVnMm1F7tQ/s640/Events-of-Taiwan-community-evolution-challenges-and-survival-in-2012_Page_19.png","https://blogger.googleusercontent.com/img/b/R29vZ2xl/AVvXsEh83xkoL58KNWdCQNAe3jh3PRDwHOoUwi1YjOapDsqSWVQ-UTMf5tsghW0LNXQPJDcKhyphenhyphenqR8x56LSaoQaHOmD7zUc_ha_C9uqL5cxfgfdr6ZJbOR95pb9kB_20vSfQgdVnMm1F7tQ/s640/Events-of-Taiwan-community-evolution-challenges-and-survival-in-2012_Page_19.png","/assets/images/blogger.googleusercontent.com/36f516d17c05eb20.png","318768","image/png"
"downloaded","https://blogger.googleusercontent.com/img/b/R29vZ2xl/AVvXsEh8QWIBAbISlm1zqaWfhTgsi5MnVhRa4NYTk6oSHl-eerM_Repj2yCHDd2Snqpbse666zkSxUjG1HrQzR8CakX6MvdgvZRs66GUx0c99pCkBf5_nmasBtXevHloc4Kk-sXPq0Tqrg/s640/Events-of-Taiwan-community-evolution-challenges-and-survival-in-2012_Page_14.png","https://blogger.googleusercontent.com/img/b/R29vZ2xl/AVvXsEh8QWIBAbISlm1zqaWfhTgsi5MnVhRa4NYTk6oSHl-eerM_Repj2yCHDd2Snqpbse666zkSxUjG1HrQzR8CakX6MvdgvZRs66GUx0c99pCkBf5_nmasBtXevHloc4Kk-sXPq0Tqrg/s640/Events-of-Taiwan-community-evolution-challenges-and-survival-in-2012_Page_14.png","https://blogger.googleusercontent.com/img/b/R29vZ2xl/AVvXsEh8QWIBAbISlm1zqaWfhTgsi5MnVhRa4NYTk6oSHl-eerM_Repj2yCHDd2Snqpbse666zkSxUjG1HrQzR8CakX6MvdgvZRs66GUx0c99pCkBf5_nmasBtXevHloc4Kk-sXPq0Tqrg/s640/Events-of-Taiwan-community-evolution-challenges-and-survival-in-2012_Page_14.png","/assets/images/blogger.googleusercontent.com/54580b2f35c62ea5.png","371353","image/png"
"downloaded","https://blogger.googleusercontent.com/img/b/R29vZ2xl/AVvXsEh9-E_TcCXmlqnGwuL6mhgZrHMI4d-0BuFteh4NAA-on3SE6H8Ikr3IoCBOv5VEN9P7X_jB3kBCE0CZ4rEYCr6b6uUdDuabAQiE43rIA7jvx31piKDSBsC-lyeRkAvj23fJOmC1dA/s640/_%25E6%2582%25A8%25E7%259A%2584%25E5%25A4%25A7%25E5%2590%258D%25E6%25B2%2592%25E5%259C%25A8%25E6%25AD%25A4%25E5%2587%25BA%25E7%258F%25BE.png","https://blogger.googleusercontent.com/img/b/R29vZ2xl/AVvXsEh9-E_TcCXmlqnGwuL6mhgZrHMI4d-0BuFteh4NAA-on3SE6H8Ikr3IoCBOv5VEN9P7X_jB3kBCE0CZ4rEYCr6b6uUdDuabAQiE43rIA7jvx31piKDSBsC-lyeRkAvj23fJOmC1dA/s640/_%25E6%2582%25A8%25E7%259A%2584%25E5%25A4%25A7%25E5%2590%258D%25E6%25B2%2592%25E5%259C%25A8%25E6%25AD%25A4%25E5%2587%25BA%25E7%258F%25BE.png","https://blogger.googleusercontent.com/img/b/R29vZ2xl/AVvXsEh9-E_TcCXmlqnGwuL6mhgZrHMI4d-0BuFteh4NAA-on3SE6H8Ikr3IoCBOv5VEN9P7X_jB3kBCE0CZ4rEYCr6b6uUdDuabAQiE43rIA7jvx31piKDSBsC-lyeRkAvj23fJOmC1dA/s640/_%25E6%2582%25A8%25E7%259A%2584%25E5%25A4%25A7%25E5%2590%258D%25E6%25B2%2592%25E5%259C%25A8%25E6%25AD%25A4%25E5%2587%25BA%25E7%258F%25BE.png","/assets/images/blogger.googleusercontent.com/4d087694a644cfa5.png","107735","image/png"
"downloaded","https://blogger.googleusercontent.com/img/b/R29vZ2xl/AVvXsEhAY-0gJWYGn5Up2Fjlb8P21hjVpaidoXo05BX7EMGtIIXLfpgNrGySBoxHjW3cHBWgSzUrMLcefkmW_Iaj3yHFArkJIo0aoMHf_pl-hynCtspZX4zYV8zetfSC7miKz-DsXc5sZA/s640/Events-of-Taiwan-community-evolution-challenges-and-survival-in-2012_Page_18.png","https://blogger.googleusercontent.com/img/b/R29vZ2xl/AVvXsEhAY-0gJWYGn5Up2Fjlb8P21hjVpaidoXo05BX7EMGtIIXLfpgNrGySBoxHjW3cHBWgSzUrMLcefkmW_Iaj3yHFArkJIo0aoMHf_pl-hynCtspZX4zYV8zetfSC7miKz-DsXc5sZA/s640/Events-of-Taiwan-community-evolution-challenges-and-survival-in-2012_Page_18.png","https://blogger.googleusercontent.com/img/b/R29vZ2xl/AVvXsEhAY-0gJWYGn5Up2Fjlb8P21hjVpaidoXo05BX7EMGtIIXLfpgNrGySBoxHjW3cHBWgSzUrMLcefkmW_Iaj3yHFArkJIo0aoMHf_pl-hynCtspZX4zYV8zetfSC7miKz-DsXc5sZA/s640/Events-of-Taiwan-community-evolution-challenges-and-survival-in-2012_Page_18.png","/assets/images/blogger.googleusercontent.com/28ae49db397675c9.png","337310","image/png"
"downloaded","https://blogger.googleusercontent.com/img/b/R29vZ2xl/AVvXsEhbD6gulXCws10MN4rTKZCggYSgrdfy4439jbNCsfr_AqHjpQ_euy072KOSbvI5p2zlmsHK_EYt0cgsB3E1gVY_Rotud5ucgl-7kV_RMgTl2puK4rYgDCbqvYGJ4HOegNDLRvXOVw/s400/2012-02-26+03.36.48.png","https://blogger.googleusercontent.com/img/b/R29vZ2xl/AVvXsEhbD6gulXCws10MN4rTKZCggYSgrdfy4439jbNCsfr_AqHjpQ_euy072KOSbvI5p2zlmsHK_EYt0cgsB3E1gVY_Rotud5ucgl-7kV_RMgTl2puK4rYgDCbqvYGJ4HOegNDLRvXOVw/s400/2012-02-26+03.36.48.png","https://blogger.googleusercontent.com/img/b/R29vZ2xl/AVvXsEhbD6gulXCws10MN4rTKZCggYSgrdfy4439jbNCsfr_AqHjpQ_euy072KOSbvI5p2zlmsHK_EYt0cgsB3E1gVY_Rotud5ucgl-7kV_RMgTl2puK4rYgDCbqvYGJ4HOegNDLRvXOVw/s400/2012-02-26+03.36.48.png","/assets/images/blogger.googleusercontent.com/51b238335a2e15ac.png","94927","image/png"
"downloaded","https://blogger.googleusercontent.com/img/b/R29vZ2xl/AVvXsEh8m9XNb72_CjK5CKmuTPW30AQ-WF-h6EGgfvYidDSQsYPBX_FKQ_fkkeQspzX-YRIWPWEoJzAoRB_YeTpl1o3mjzbG0OqclKJcWlUBgT0qSi9sCLTR5tetvlfhzlbT-RqBTOzf7g/s9999/1489248915.png","https://blogger.googleusercontent.com/img/b/R29vZ2xl/AVvXsEh8m9XNb72_CjK5CKmuTPW30AQ-WF-h6EGgfvYidDSQsYPBX_FKQ_fkkeQspzX-YRIWPWEoJzAoRB_YeTpl1o3mjzbG0OqclKJcWlUBgT0qSi9sCLTR5tetvlfhzlbT-RqBTOzf7g/s9999/1489248915.png","https://blogger.googleusercontent.com/img/b/R29vZ2xl/AVvXsEh8m9XNb72_CjK5CKmuTPW30AQ-WF-h6EGgfvYidDSQsYPBX_FKQ_fkkeQspzX-YRIWPWEoJzAoRB_YeTpl1o3mjzbG0OqclKJcWlUBgT0qSi9sCLTR5tetvlfhzlbT-RqBTOzf7g/s9999/1489248915.png","/assets/images/blogger.googleusercontent.com/aee233ec1a3639e3.png","1130752","image/png"
"downloaded","https://blogger.googleusercontent.com/img/b/R29vZ2xl/AVvXsEhbEg1d4CYjnsdVSO0qpp_DUPeV4nOyem4-jYy-f9aQVE5DDXqjNiCJH4AKj6nJQeCK5RHMXuzoOv6k7kq0K9oPSh86ozf5-Aakooant4JKx_wzGaY77GMIua4IUXU6d6Ro0JLLmg/s640/Events-of-Taiwan-community-evolution-challenges-and-survival-in-2012_Page_23.png","https://blogger.googleusercontent.com/img/b/R29vZ2xl/AVvXsEhbEg1d4CYjnsdVSO0qpp_DUPeV4nOyem4-jYy-f9aQVE5DDXqjNiCJH4AKj6nJQeCK5RHMXuzoOv6k7kq0K9oPSh86ozf5-Aakooant4JKx_wzGaY77GMIua4IUXU6d6Ro0JLLmg/s640/Events-of-Taiwan-community-evolution-challenges-and-survival-in-2012_Page_23.png","https://blogger.googleusercontent.com/img/b/R29vZ2xl/AVvXsEhbEg1d4CYjnsdVSO0qpp_DUPeV4nOyem4-jYy-f9aQVE5DDXqjNiCJH4AKj6nJQeCK5RHMXuzoOv6k7kq0K9oPSh86ozf5-Aakooant4JKx_wzGaY77GMIua4IUXU6d6Ro0JLLmg/s640/Events-of-Taiwan-community-evolution-challenges-and-survival-in-2012_Page_23.png","/assets/images/blogger.googleusercontent.com/e3d95514df2ba387.png","355005","image/png"
"downloaded","https://blogger.googleusercontent.com/img/b/R29vZ2xl/AVvXsEhdo3Wbp8u1mjA0KFSrNV6imf900tyvVSPUZmTCl6yqJaZz4YdvXYobfwugHctmZCRuMhqlTdsNxFjySn8H8wNwi3olLiAk-Zwtzh11MaBi9muAsYVp_htRW5_zw3nfkDScBjFGDQ/s320/design_threequarter_20091020.jpg","https://blogger.googleusercontent.com/img/b/R29vZ2xl/AVvXsEhdo3Wbp8u1mjA0KFSrNV6imf900tyvVSPUZmTCl6yqJaZz4YdvXYobfwugHctmZCRuMhqlTdsNxFjySn8H8wNwi3olLiAk-Zwtzh11MaBi9muAsYVp_htRW5_zw3nfkDScBjFGDQ/s320/design_threequarter_20091020.jpg","https://blogger.googleusercontent.com/img/b/R29vZ2xl/AVvXsEhdo3Wbp8u1mjA0KFSrNV6imf900tyvVSPUZmTCl6yqJaZz4YdvXYobfwugHctmZCRuMhqlTdsNxFjySn8H8wNwi3olLiAk-Zwtzh11MaBi9muAsYVp_htRW5_zw3nfkDScBjFGDQ/s320/design_threequarter_20091020.jpg","/assets/images/blogger.googleusercontent.com/ef54b378303d882d.jpg","7433","image/jpeg"
"downloaded","https://blogger.googleusercontent.com/img/b/R29vZ2xl/AVvXsEhGGg9Cz2qzCL7ptsXU6rcuovdovlxqO7qrQ15TYXvgMdKPW4r4SM9eFbJnKUNH2Xc3SzhRq8a3im-YikZs4sW7h85l4zsoNJKOM3tSAvJILG092ljnUzhuuiTe5-pjVZJPrmOEvg/s640/2012-07-11+01.18.34.png","https://blogger.googleusercontent.com/img/b/R29vZ2xl/AVvXsEhGGg9Cz2qzCL7ptsXU6rcuovdovlxqO7qrQ15TYXvgMdKPW4r4SM9eFbJnKUNH2Xc3SzhRq8a3im-YikZs4sW7h85l4zsoNJKOM3tSAvJILG092ljnUzhuuiTe5-pjVZJPrmOEvg/s640/2012-07-11+01.18.34.png","https://blogger.googleusercontent.com/img/b/R29vZ2xl/AVvXsEhGGg9Cz2qzCL7ptsXU6rcuovdovlxqO7qrQ15TYXvgMdKPW4r4SM9eFbJnKUNH2Xc3SzhRq8a3im-YikZs4sW7h85l4zsoNJKOM3tSAvJILG092ljnUzhuuiTe5-pjVZJPrmOEvg/s640/2012-07-11+01.18.34.png","/assets/images/blogger.googleusercontent.com/4dfd82062d86d983.png","125641","image/png"
"downloaded","https://blogger.googleusercontent.com/img/b/R29vZ2xl/AVvXsEhI672z86dnACTE95eVb4YAs3MgbE6ajbMYSE_X3PeXp7nY__w1rbVLFJ0u-7o93Y_zJvlwDaWSZuMzNTWp89sriIGiPxv8mEdtA1rwMCOlaMvUXLNR1eqCydkS0YzLr965b2Lnkg/s1600/1*9V3TfXKfXoGoNKGYdwTPpA.png","https://blogger.googleusercontent.com/img/b/R29vZ2xl/AVvXsEhI672z86dnACTE95eVb4YAs3MgbE6ajbMYSE_X3PeXp7nY__w1rbVLFJ0u-7o93Y_zJvlwDaWSZuMzNTWp89sriIGiPxv8mEdtA1rwMCOlaMvUXLNR1eqCydkS0YzLr965b2Lnkg/s1600/1*9V3TfXKfXoGoNKGYdwTPpA.png","https://blogger.googleusercontent.com/img/b/R29vZ2xl/AVvXsEhI672z86dnACTE95eVb4YAs3MgbE6ajbMYSE_X3PeXp7nY__w1rbVLFJ0u-7o93Y_zJvlwDaWSZuMzNTWp89sriIGiPxv8mEdtA1rwMCOlaMvUXLNR1eqCydkS0YzLr965b2Lnkg/s1600/1*9V3TfXKfXoGoNKGYdwTPpA.png","/assets/images/blogger.googleusercontent.com/9a8472a266ae1c24.png","31751","image/png"
"downloaded","https://blogger.googleusercontent.com/img/b/R29vZ2xl/AVvXsEheiuB3G0nD-s3yfX5pdsDQFbXs4tu2EfSvy0KKj6CyRRILeyb53Zi4aU1qYXYcuNKZ_VR1dsWUt4hMAdx4a70GMnroSUCQUd4De6J5DlBlxC6XdFIL13JALM8oIUSj3q5-m-mELQ/s640/Events-of-Taiwan-community-evolution-challenges-and-survival-in-2012_Page_08.png","https://blogger.googleusercontent.com/img/b/R29vZ2xl/AVvXsEheiuB3G0nD-s3yfX5pdsDQFbXs4tu2EfSvy0KKj6CyRRILeyb53Zi4aU1qYXYcuNKZ_VR1dsWUt4hMAdx4a70GMnroSUCQUd4De6J5DlBlxC6XdFIL13JALM8oIUSj3q5-m-mELQ/s640/Events-of-Taiwan-community-evolution-challenges-and-survival-in-2012_Page_08.png","https://blogger.googleusercontent.com/img/b/R29vZ2xl/AVvXsEheiuB3G0nD-s3yfX5pdsDQFbXs4tu2EfSvy0KKj6CyRRILeyb53Zi4aU1qYXYcuNKZ_VR1dsWUt4hMAdx4a70GMnroSUCQUd4De6J5DlBlxC6XdFIL13JALM8oIUSj3q5-m-mELQ/s640/Events-of-Taiwan-community-evolution-challenges-and-survival-in-2012_Page_08.png","/assets/images/blogger.googleusercontent.com/fe0ad1881a941c55.png","368185","image/png"
"downloaded","https://blogger.googleusercontent.com/img/b/R29vZ2xl/AVvXsEhcPKvT7SazYj3BE-gKE27kNJDaDuw-JRhhLmfuW7W8SRAzFPEzCr8H47JUJ23qXF_chkn9Xi544xnKMACcmaDl_ugbEouHN03T2WVqrauNEC9lgNrwb8HG2L-W9eY4GO-IaB5cJQ/s9999/1489249111.png","https://blogger.googleusercontent.com/img/b/R29vZ2xl/AVvXsEhcPKvT7SazYj3BE-gKE27kNJDaDuw-JRhhLmfuW7W8SRAzFPEzCr8H47JUJ23qXF_chkn9Xi544xnKMACcmaDl_ugbEouHN03T2WVqrauNEC9lgNrwb8HG2L-W9eY4GO-IaB5cJQ/s9999/1489249111.png","https://blogger.googleusercontent.com/img/b/R29vZ2xl/AVvXsEhcPKvT7SazYj3BE-gKE27kNJDaDuw-JRhhLmfuW7W8SRAzFPEzCr8H47JUJ23qXF_chkn9Xi544xnKMACcmaDl_ugbEouHN03T2WVqrauNEC9lgNrwb8HG2L-W9eY4GO-IaB5cJQ/s9999/1489249111.png","/assets/images/blogger.googleusercontent.com/4d82ca2218c30327.png","1113730","image/png"
"downloaded","https://blogger.googleusercontent.com/img/b/R29vZ2xl/AVvXsEhhBQLLJc3agaCd7LlAxBDHZZhh9zC686CvJPJlFmC69t6JVi-jehbkTjclX-1DBFBzmKZuJKU2y6DoNszlENp8AkL-6s63Fh7sUagYNInth-NoCU968ETCFXTRb8cUV4Fv64x5rA/s9999/1489248604.png","https://blogger.googleusercontent.com/img/b/R29vZ2xl/AVvXsEhhBQLLJc3agaCd7LlAxBDHZZhh9zC686CvJPJlFmC69t6JVi-jehbkTjclX-1DBFBzmKZuJKU2y6DoNszlENp8AkL-6s63Fh7sUagYNInth-NoCU968ETCFXTRb8cUV4Fv64x5rA/s9999/1489248604.png","https://blogger.googleusercontent.com/img/b/R29vZ2xl/AVvXsEhhBQLLJc3agaCd7LlAxBDHZZhh9zC686CvJPJlFmC69t6JVi-jehbkTjclX-1DBFBzmKZuJKU2y6DoNszlENp8AkL-6s63Fh7sUagYNInth-NoCU968ETCFXTRb8cUV4Fv64x5rA/s9999/1489248604.png","/assets/images/blogger.googleusercontent.com/766c6ca7e59e5708.png","1039327","image/png"
"downloaded","https://blogger.googleusercontent.com/img/b/R29vZ2xl/AVvXsEhGOAHx-VsDyfwHtbEG9eK6-0p5cTriLIikUYR3YbXfWhnYXWi7veELaL83J0xjLLmWpUOipv1tROItgR3yn9JNJ6M03ymW8GBMVjXVWhM1apJWZhq18XpLyUeM0QKZc9-_Ubf2Mw/s9999/1489249132.png","https://blogger.googleusercontent.com/img/b/R29vZ2xl/AVvXsEhGOAHx-VsDyfwHtbEG9eK6-0p5cTriLIikUYR3YbXfWhnYXWi7veELaL83J0xjLLmWpUOipv1tROItgR3yn9JNJ6M03ymW8GBMVjXVWhM1apJWZhq18XpLyUeM0QKZc9-_Ubf2Mw/s9999/1489249132.png","https://blogger.googleusercontent.com/img/b/R29vZ2xl/AVvXsEhGOAHx-VsDyfwHtbEG9eK6-0p5cTriLIikUYR3YbXfWhnYXWi7veELaL83J0xjLLmWpUOipv1tROItgR3yn9JNJ6M03ymW8GBMVjXVWhM1apJWZhq18XpLyUeM0QKZc9-_Ubf2Mw/s9999/1489249132.png","/assets/images/blogger.googleusercontent.com/47ce845a67657509.png","1322277","image/png"
"downloaded","https://blogger.googleusercontent.com/img/b/R29vZ2xl/AVvXsEhMFItkoCxmtA4sxfFd8wBrUWjDulZel0ArGdW-VnqXT71bOeSqPjy4NHWBZE-dTpWuHWWdfY67KVJJLsj4xa5iJSYmdPUS04Uf9Rc7tvjFTqStT0EOkvRncs7mlLAPO4sRSThFgw/s640/2011-12-27+11.41.03.png","https://blogger.googleusercontent.com/img/b/R29vZ2xl/AVvXsEhMFItkoCxmtA4sxfFd8wBrUWjDulZel0ArGdW-VnqXT71bOeSqPjy4NHWBZE-dTpWuHWWdfY67KVJJLsj4xa5iJSYmdPUS04Uf9Rc7tvjFTqStT0EOkvRncs7mlLAPO4sRSThFgw/s640/2011-12-27+11.41.03.png","https://blogger.googleusercontent.com/img/b/R29vZ2xl/AVvXsEhMFItkoCxmtA4sxfFd8wBrUWjDulZel0ArGdW-VnqXT71bOeSqPjy4NHWBZE-dTpWuHWWdfY67KVJJLsj4xa5iJSYmdPUS04Uf9Rc7tvjFTqStT0EOkvRncs7mlLAPO4sRSThFgw/s640/2011-12-27+11.41.03.png","/assets/images/blogger.googleusercontent.com/169f51744832cbfc.png","414666","image/png"
"downloaded","https://blogger.googleusercontent.com/img/b/R29vZ2xl/AVvXsEhp6KrGRP3ysytaABSPyvPnaX3pMLnprcFJi0F_liBG7X9QWfQw6v9jHENGHHemMrQ-7A1-a-L1BHGqdoPWyJKQda5c1ZBAQViYK7r-IOBMI7NDsRcjwFIj8j1Cgfn_uSmOY3gOQA/s400/android.png","https://blogger.googleusercontent.com/img/b/R29vZ2xl/AVvXsEhp6KrGRP3ysytaABSPyvPnaX3pMLnprcFJi0F_liBG7X9QWfQw6v9jHENGHHemMrQ-7A1-a-L1BHGqdoPWyJKQda5c1ZBAQViYK7r-IOBMI7NDsRcjwFIj8j1Cgfn_uSmOY3gOQA/s400/android.png","https://blogger.googleusercontent.com/img/b/R29vZ2xl/AVvXsEhp6KrGRP3ysytaABSPyvPnaX3pMLnprcFJi0F_liBG7X9QWfQw6v9jHENGHHemMrQ-7A1-a-L1BHGqdoPWyJKQda5c1ZBAQViYK7r-IOBMI7NDsRcjwFIj8j1Cgfn_uSmOY3gOQA/s400/android.png","/assets/images/blogger.googleusercontent.com/e9e284a0e6e78989.png","28099","image/png"
"downloaded","https://blogger.googleusercontent.com/img/b/R29vZ2xl/AVvXsEhoOGuDul8t7PeX1nSJrUEyCjYU8ZOPIZkSL0yt3BxtcKbhNev5T6K0Af3YGH-p138QTjKz-OFsk9ERYSOFSyFgtEIgoiJFXbBp1Rktsq6u0KQ5IQuB8vlHgFrF7J2QogngzpVRrg/s640/Events-of-Taiwan-community-evolution-challenges-and-survival-in-2012_Page_21.png","https://blogger.googleusercontent.com/img/b/R29vZ2xl/AVvXsEhoOGuDul8t7PeX1nSJrUEyCjYU8ZOPIZkSL0yt3BxtcKbhNev5T6K0Af3YGH-p138QTjKz-OFsk9ERYSOFSyFgtEIgoiJFXbBp1Rktsq6u0KQ5IQuB8vlHgFrF7J2QogngzpVRrg/s640/Events-of-Taiwan-community-evolution-challenges-and-survival-in-2012_Page_21.png","https://blogger.googleusercontent.com/img/b/R29vZ2xl/AVvXsEhoOGuDul8t7PeX1nSJrUEyCjYU8ZOPIZkSL0yt3BxtcKbhNev5T6K0Af3YGH-p138QTjKz-OFsk9ERYSOFSyFgtEIgoiJFXbBp1Rktsq6u0KQ5IQuB8vlHgFrF7J2QogngzpVRrg/s640/Events-of-Taiwan-community-evolution-challenges-and-survival-in-2012_Page_21.png","/assets/images/blogger.googleusercontent.com/7a44233cad740f0b.png","520604","image/png"
"downloaded","https://blogger.googleusercontent.com/img/b/R29vZ2xl/AVvXsEhVcUP85pMN5p2ZCQW6tardhELsjJSyWX7jmpaP6ec6dhHM4pkks5dJgJtFKrungmfmJxxJDzrTm4ai9MKt8B8EUiP9K4GtyDHksvLL-8sT3vkrWKbBbgg-maEhyOXRWugU0JREPQ/s400/screenshot.png","https://blogger.googleusercontent.com/img/b/R29vZ2xl/AVvXsEhVcUP85pMN5p2ZCQW6tardhELsjJSyWX7jmpaP6ec6dhHM4pkks5dJgJtFKrungmfmJxxJDzrTm4ai9MKt8B8EUiP9K4GtyDHksvLL-8sT3vkrWKbBbgg-maEhyOXRWugU0JREPQ/s400/screenshot.png","https://blogger.googleusercontent.com/img/b/R29vZ2xl/AVvXsEhVcUP85pMN5p2ZCQW6tardhELsjJSyWX7jmpaP6ec6dhHM4pkks5dJgJtFKrungmfmJxxJDzrTm4ai9MKt8B8EUiP9K4GtyDHksvLL-8sT3vkrWKbBbgg-maEhyOXRWugU0JREPQ/s400/screenshot.png","/assets/images/blogger.googleusercontent.com/abfd58dc58998409.png","65644","image/png"
"downloaded","https://blogger.googleusercontent.com/img/b/R29vZ2xl/AVvXsEhqHcDyfzawW5_Ls63JFuVX9HR95b4MzR7sNrUNZJrBiN32XEzClSzdoTUPUs_Bsp_vrtrX3lhme2KkCaQgsT9p5-U6qNcfW82YVfzafGIXyWh1Cg1op7DqbDWyqGSgps3JDvu0Cw/s640/screen-capture.png","https://blogger.googleusercontent.com/img/b/R29vZ2xl/AVvXsEhqHcDyfzawW5_Ls63JFuVX9HR95b4MzR7sNrUNZJrBiN32XEzClSzdoTUPUs_Bsp_vrtrX3lhme2KkCaQgsT9p5-U6qNcfW82YVfzafGIXyWh1Cg1op7DqbDWyqGSgps3JDvu0Cw/s640/screen-capture.png","https://blogger.googleusercontent.com/img/b/R29vZ2xl/AVvXsEhqHcDyfzawW5_Ls63JFuVX9HR95b4MzR7sNrUNZJrBiN32XEzClSzdoTUPUs_Bsp_vrtrX3lhme2KkCaQgsT9p5-U6qNcfW82YVfzafGIXyWh1Cg1op7DqbDWyqGSgps3JDvu0Cw/s640/screen-capture.png","/assets/images/blogger.googleusercontent.com/268ad875cb7471e9.png","120910","image/png"
"downloaded","https://blogger.googleusercontent.com/img/b/R29vZ2xl/AVvXsEhV0223oLpK151mbZp-YrrLrzIVfSHVPLKEYYCAgvPjxxqo0xsqwi-y2HMvlgrnsJiO_xNPaBk6XOk3iSKPeuvNcLpakSoQNqa2aYgSvqIRQ59uEGFGmBSSdQZX4CKerCqFaYrs0w/s640/Events-of-Taiwan-community-evolution-challenges-and-survival-in-2012_Page_11.png","https://blogger.googleusercontent.com/img/b/R29vZ2xl/AVvXsEhV0223oLpK151mbZp-YrrLrzIVfSHVPLKEYYCAgvPjxxqo0xsqwi-y2HMvlgrnsJiO_xNPaBk6XOk3iSKPeuvNcLpakSoQNqa2aYgSvqIRQ59uEGFGmBSSdQZX4CKerCqFaYrs0w/s640/Events-of-Taiwan-community-evolution-challenges-and-survival-in-2012_Page_11.png","https://blogger.googleusercontent.com/img/b/R29vZ2xl/AVvXsEhV0223oLpK151mbZp-YrrLrzIVfSHVPLKEYYCAgvPjxxqo0xsqwi-y2HMvlgrnsJiO_xNPaBk6XOk3iSKPeuvNcLpakSoQNqa2aYgSvqIRQ59uEGFGmBSSdQZX4CKerCqFaYrs0w/s640/Events-of-Taiwan-community-evolution-challenges-and-survival-in-2012_Page_11.png","/assets/images/blogger.googleusercontent.com/9679584e209cb055.png","391409","image/png"
"downloaded","https://blogger.googleusercontent.com/img/b/R29vZ2xl/AVvXsEhYXGikqkuZsEKbj_qmWoEbWE4-Jn5llfOODmLFTY34dUnN4wLYHsBnyflsCMqoMcMMexUBisTBWWf6FLJgHhEH3n9LDJUXz98WPxlAJcnx6vNYZWcr9OXDrhKhMEDt3sHB3JPkGg/s400/screenshot+%25281%2529%25282%2529.png","https://blogger.googleusercontent.com/img/b/R29vZ2xl/AVvXsEhYXGikqkuZsEKbj_qmWoEbWE4-Jn5llfOODmLFTY34dUnN4wLYHsBnyflsCMqoMcMMexUBisTBWWf6FLJgHhEH3n9LDJUXz98WPxlAJcnx6vNYZWcr9OXDrhKhMEDt3sHB3JPkGg/s400/screenshot+%25281%2529%25282%2529.png","https://blogger.googleusercontent.com/img/b/R29vZ2xl/AVvXsEhYXGikqkuZsEKbj_qmWoEbWE4-Jn5llfOODmLFTY34dUnN4wLYHsBnyflsCMqoMcMMexUBisTBWWf6FLJgHhEH3n9LDJUXz98WPxlAJcnx6vNYZWcr9OXDrhKhMEDt3sHB3JPkGg/s400/screenshot+%25281%2529%25282%2529.png","/assets/images/blogger.googleusercontent.com/6d2dd4b45a687700.png","62980","image/png"
"downloaded","https://blogger.googleusercontent.com/img/b/R29vZ2xl/AVvXsEhYwW0jOx-amYd_ijhOVvdYy8TrvFlp_YfInY4WyV-EOOovHdquMaxgJvVP31OFXHW20jaVJtWVNuu4qQOLZNZgqQoUiJ7ifdMaUAGrzScpn84MJueNCNr8iNZQmxCc2WMvOFBwSA/s640/Events-of-Taiwan-community-evolution-challenges-and-survival-in-2012_Page_17.png","https://blogger.googleusercontent.com/img/b/R29vZ2xl/AVvXsEhYwW0jOx-amYd_ijhOVvdYy8TrvFlp_YfInY4WyV-EOOovHdquMaxgJvVP31OFXHW20jaVJtWVNuu4qQOLZNZgqQoUiJ7ifdMaUAGrzScpn84MJueNCNr8iNZQmxCc2WMvOFBwSA/s640/Events-of-Taiwan-community-evolution-challenges-and-survival-in-2012_Page_17.png","https://blogger.googleusercontent.com/img/b/R29vZ2xl/AVvXsEhYwW0jOx-amYd_ijhOVvdYy8TrvFlp_YfInY4WyV-EOOovHdquMaxgJvVP31OFXHW20jaVJtWVNuu4qQOLZNZgqQoUiJ7ifdMaUAGrzScpn84MJueNCNr8iNZQmxCc2WMvOFBwSA/s640/Events-of-Taiwan-community-evolution-challenges-and-survival-in-2012_Page_17.png","/assets/images/blogger.googleusercontent.com/a8a38b1780ab0f1d.png","438694","image/png"
"downloaded","https://blogger.googleusercontent.com/img/b/R29vZ2xl/AVvXsEi1cPGVzlacigoEiNFtARanwro6376jNry32x_AhyphenhyphenEVbVjcfyz-BbaApPnYszCY7Yq-vPXICs_80yvZZ31YYKv0ZSbpNBbUEqnXXG01bVdz6VASZhP6cJFxhyphenhyphenNMGCKPbbLb15bRJQ/s640/Events-of-Taiwan-community-evolution-challenges-and-survival-in-2012_Page_22.png","https://blogger.googleusercontent.com/img/b/R29vZ2xl/AVvXsEi1cPGVzlacigoEiNFtARanwro6376jNry32x_AhyphenhyphenEVbVjcfyz-BbaApPnYszCY7Yq-vPXICs_80yvZZ31YYKv0ZSbpNBbUEqnXXG01bVdz6VASZhP6cJFxhyphenhyphenNMGCKPbbLb15bRJQ/s640/Events-of-Taiwan-community-evolution-challenges-and-survival-in-2012_Page_22.png","https://blogger.googleusercontent.com/img/b/R29vZ2xl/AVvXsEi1cPGVzlacigoEiNFtARanwro6376jNry32x_AhyphenhyphenEVbVjcfyz-BbaApPnYszCY7Yq-vPXICs_80yvZZ31YYKv0ZSbpNBbUEqnXXG01bVdz6VASZhP6cJFxhyphenhyphenNMGCKPbbLb15bRJQ/s640/Events-of-Taiwan-community-evolution-challenges-and-survival-in-2012_Page_22.png","/assets/images/blogger.googleusercontent.com/233dcbaba8a143a7.png","373456","image/png"
"downloaded","https://blogger.googleusercontent.com/img/b/R29vZ2xl/AVvXsEi1Gpnyxf9AvXrSRbNW1iG9uO5EB_lrN1jaz5r7y9oSvFgz9mDBizSoE268MgYDh2V7PKWSJ4_vKJG8nEXDxP9lAh0O_8W_SUC58H5k2IERUj-gZOjKwoVbpkD6aL2DetdTAs7o3w/s640/Events-of-Taiwan-community-evolution-challenges-and-survival-in-2012_Page_09.png","https://blogger.googleusercontent.com/img/b/R29vZ2xl/AVvXsEi1Gpnyxf9AvXrSRbNW1iG9uO5EB_lrN1jaz5r7y9oSvFgz9mDBizSoE268MgYDh2V7PKWSJ4_vKJG8nEXDxP9lAh0O_8W_SUC58H5k2IERUj-gZOjKwoVbpkD6aL2DetdTAs7o3w/s640/Events-of-Taiwan-community-evolution-challenges-and-survival-in-2012_Page_09.png","https://blogger.googleusercontent.com/img/b/R29vZ2xl/AVvXsEi1Gpnyxf9AvXrSRbNW1iG9uO5EB_lrN1jaz5r7y9oSvFgz9mDBizSoE268MgYDh2V7PKWSJ4_vKJG8nEXDxP9lAh0O_8W_SUC58H5k2IERUj-gZOjKwoVbpkD6aL2DetdTAs7o3w/s640/Events-of-Taiwan-community-evolution-challenges-and-survival-in-2012_Page_09.png","/assets/images/blogger.googleusercontent.com/fd79a93f4d28d500.png","375851","image/png"
"downloaded","https://blogger.googleusercontent.com/img/b/R29vZ2xl/AVvXsEhyvLDE3BVWFO4k4RzH5PshbPO5HSEnpfgya7FmPuh5m8ZBMICLwLjXjQ0wNTOG_4Ug89YIi7LzVSJP67b_452Lhx4xqkmgLlrD6xuGcrYzroAt0H5K8Wf4k-2d2xu4wyQd-bLHaA/s9999/1489249162.png","https://blogger.googleusercontent.com/img/b/R29vZ2xl/AVvXsEhyvLDE3BVWFO4k4RzH5PshbPO5HSEnpfgya7FmPuh5m8ZBMICLwLjXjQ0wNTOG_4Ug89YIi7LzVSJP67b_452Lhx4xqkmgLlrD6xuGcrYzroAt0H5K8Wf4k-2d2xu4wyQd-bLHaA/s9999/1489249162.png","https://blogger.googleusercontent.com/img/b/R29vZ2xl/AVvXsEhyvLDE3BVWFO4k4RzH5PshbPO5HSEnpfgya7FmPuh5m8ZBMICLwLjXjQ0wNTOG_4Ug89YIi7LzVSJP67b_452Lhx4xqkmgLlrD6xuGcrYzroAt0H5K8Wf4k-2d2xu4wyQd-bLHaA/s9999/1489249162.png","/assets/images/blogger.googleusercontent.com/c284ade9b55f8e35.png","1008972","image/png"
"downloaded","https://blogger.googleusercontent.com/img/b/R29vZ2xl/AVvXsEia6E1e1J9rq9TKIBu1ey1pH33g0-ao-mRRDx2C8RS-bt6DuJmtaR4WfJKhX4iWsA3PKNgOHPds-CfY9p2qRbF-azrvcmx8ogQRhlPXu-qI2dlDH9bhZbHT79GYEKEXCavgzER5KQ/s640/MozTW+Firefox+4+%2540+Ubuntu.png","https://blogger.googleusercontent.com/img/b/R29vZ2xl/AVvXsEia6E1e1J9rq9TKIBu1ey1pH33g0-ao-mRRDx2C8RS-bt6DuJmtaR4WfJKhX4iWsA3PKNgOHPds-CfY9p2qRbF-azrvcmx8ogQRhlPXu-qI2dlDH9bhZbHT79GYEKEXCavgzER5KQ/s640/MozTW+Firefox+4+%2540+Ubuntu.png","https://blogger.googleusercontent.com/img/b/R29vZ2xl/AVvXsEia6E1e1J9rq9TKIBu1ey1pH33g0-ao-mRRDx2C8RS-bt6DuJmtaR4WfJKhX4iWsA3PKNgOHPds-CfY9p2qRbF-azrvcmx8ogQRhlPXu-qI2dlDH9bhZbHT79GYEKEXCavgzER5KQ/s640/MozTW+Firefox+4+%2540+Ubuntu.png","/assets/images/blogger.googleusercontent.com/2b7cba92eba008aa.png","190759","image/png"
"downloaded","https://blogger.googleusercontent.com/img/b/R29vZ2xl/AVvXsEi62vL85JPGkaKlAQM06CGu2-_GAJs1siiXhx4hHG_Zn4OR9r2yfVFJTEjihJ5osTuxCfiafhaHterwzmWv1sO2QFBT62DYZbu5WNrmJ2NRvIHZYSc-jy7oEPs5XGzofwuSZX1l8Q/s640/2012-07-11+00.59.44.png","https://blogger.googleusercontent.com/img/b/R29vZ2xl/AVvXsEi62vL85JPGkaKlAQM06CGu2-_GAJs1siiXhx4hHG_Zn4OR9r2yfVFJTEjihJ5osTuxCfiafhaHterwzmWv1sO2QFBT62DYZbu5WNrmJ2NRvIHZYSc-jy7oEPs5XGzofwuSZX1l8Q/s640/2012-07-11+00.59.44.png","https://blogger.googleusercontent.com/img/b/R29vZ2xl/AVvXsEi62vL85JPGkaKlAQM06CGu2-_GAJs1siiXhx4hHG_Zn4OR9r2yfVFJTEjihJ5osTuxCfiafhaHterwzmWv1sO2QFBT62DYZbu5WNrmJ2NRvIHZYSc-jy7oEPs5XGzofwuSZX1l8Q/s640/2012-07-11+00.59.44.png","/assets/images/blogger.googleusercontent.com/4425aca82b802b60.png","164031","image/png"
"downloaded","https://blogger.googleusercontent.com/img/b/R29vZ2xl/AVvXsEiB3SNaH16PsDUBqYdMna1kSgGNBkmTQhUEmGDEDEbXsXRslqiN8K8xtxFOUwrnMnax5xrXgAcjmKd5sxGVtR4gUQw3ACLTUuCGhgzmS6Y8FSiuLyhrHXlWS7XRaSKJ7ZxojEBajw/s1600/screen-capture.png","https://blogger.googleusercontent.com/img/b/R29vZ2xl/AVvXsEiB3SNaH16PsDUBqYdMna1kSgGNBkmTQhUEmGDEDEbXsXRslqiN8K8xtxFOUwrnMnax5xrXgAcjmKd5sxGVtR4gUQw3ACLTUuCGhgzmS6Y8FSiuLyhrHXlWS7XRaSKJ7ZxojEBajw/s1600/screen-capture.png","https://blogger.googleusercontent.com/img/b/R29vZ2xl/AVvXsEiB3SNaH16PsDUBqYdMna1kSgGNBkmTQhUEmGDEDEbXsXRslqiN8K8xtxFOUwrnMnax5xrXgAcjmKd5sxGVtR4gUQw3ACLTUuCGhgzmS6Y8FSiuLyhrHXlWS7XRaSKJ7ZxojEBajw/s1600/screen-capture.png","/assets/images/blogger.googleusercontent.com/b6a430fa6a7099c6.png","19246","image/png"
"downloaded","https://blogger.googleusercontent.com/img/b/R29vZ2xl/AVvXsEi2Il0O1TVp_JQjNTp34Bk59SOyXddz33ht3HsPYP3WMETypLGIU0vi0Ia1spyN7hZ69dtS4-Wy6UcBZ3UqE2E5nKtbdYA46qif8shdqlgBpEPasWxi8UHo1o1-r_JMHlU-AigdyQ/s9999/1489248884.png","https://blogger.googleusercontent.com/img/b/R29vZ2xl/AVvXsEi2Il0O1TVp_JQjNTp34Bk59SOyXddz33ht3HsPYP3WMETypLGIU0vi0Ia1spyN7hZ69dtS4-Wy6UcBZ3UqE2E5nKtbdYA46qif8shdqlgBpEPasWxi8UHo1o1-r_JMHlU-AigdyQ/s9999/1489248884.png","https://blogger.googleusercontent.com/img/b/R29vZ2xl/AVvXsEi2Il0O1TVp_JQjNTp34Bk59SOyXddz33ht3HsPYP3WMETypLGIU0vi0Ia1spyN7hZ69dtS4-Wy6UcBZ3UqE2E5nKtbdYA46qif8shdqlgBpEPasWxi8UHo1o1-r_JMHlU-AigdyQ/s9999/1489248884.png","/assets/images/blogger.googleusercontent.com/9229827a5cc1b2fc.png","867786","image/png"
"downloaded","https://blogger.googleusercontent.com/img/b/R29vZ2xl/AVvXsEiDWEmQsaoiFui9LlZQfco05YC3J6OZlhty77YCxf5IBgEjktKTdxl4IBfy-wjRejEjpq6vbnivi13yKIjjxdRZry033ozoCF4SCQ0TqvACgMrJ0ZYMjuW4UrxOHDrnKrSdgc5v1g/s640/2012-02-25+23.59.34.png","https://blogger.googleusercontent.com/img/b/R29vZ2xl/AVvXsEiDWEmQsaoiFui9LlZQfco05YC3J6OZlhty77YCxf5IBgEjktKTdxl4IBfy-wjRejEjpq6vbnivi13yKIjjxdRZry033ozoCF4SCQ0TqvACgMrJ0ZYMjuW4UrxOHDrnKrSdgc5v1g/s640/2012-02-25+23.59.34.png","https://blogger.googleusercontent.com/img/b/R29vZ2xl/AVvXsEiDWEmQsaoiFui9LlZQfco05YC3J6OZlhty77YCxf5IBgEjktKTdxl4IBfy-wjRejEjpq6vbnivi13yKIjjxdRZry033ozoCF4SCQ0TqvACgMrJ0ZYMjuW4UrxOHDrnKrSdgc5v1g/s640/2012-02-25+23.59.34.png","/assets/images/blogger.googleusercontent.com/75643719e6e2c1ed.png","57151","image/png"
"downloaded","https://blogger.googleusercontent.com/img/b/R29vZ2xl/AVvXsEiEpkazRIqQBStxHTCu4xMeRyY3hyphenhyphenjOueJwUcSmZnYpvC3rLZl4u2c-IaaKbsmmKfsSMI-To8ezK1a6qCdVkXVDe0sIOKtxCE9VktaNQLSocyMXjR3cPpDO-kul0jDhReKQnBEqlg/s320/screen-capture-1.png","https://blogger.googleusercontent.com/img/b/R29vZ2xl/AVvXsEiEpkazRIqQBStxHTCu4xMeRyY3hyphenhyphenjOueJwUcSmZnYpvC3rLZl4u2c-IaaKbsmmKfsSMI-To8ezK1a6qCdVkXVDe0sIOKtxCE9VktaNQLSocyMXjR3cPpDO-kul0jDhReKQnBEqlg/s320/screen-capture-1.png","https://blogger.googleusercontent.com/img/b/R29vZ2xl/AVvXsEiEpkazRIqQBStxHTCu4xMeRyY3hyphenhyphenjOueJwUcSmZnYpvC3rLZl4u2c-IaaKbsmmKfsSMI-To8ezK1a6qCdVkXVDe0sIOKtxCE9VktaNQLSocyMXjR3cPpDO-kul0jDhReKQnBEqlg/s320/screen-capture-1.png","/assets/images/blogger.googleusercontent.com/295c758d25d69fec.png","100704","image/png"
"downloaded","https://blogger.googleusercontent.com/img/b/R29vZ2xl/AVvXsEiFCfkGgrCBpt0X2oVD5Mie-o1vgM27X7720ugYuenhW8jzzi-7sYEqECBm_ETGDC8IH5ZK8_-xnZ_fJLBhJf0boRmuziXJueLT6yM3w7m2kmUrOJ2CNAUoTEmDeBCur1aeeHVl5Q/s640/2012-02-26+00.01.32.png","https://blogger.googleusercontent.com/img/b/R29vZ2xl/AVvXsEiFCfkGgrCBpt0X2oVD5Mie-o1vgM27X7720ugYuenhW8jzzi-7sYEqECBm_ETGDC8IH5ZK8_-xnZ_fJLBhJf0boRmuziXJueLT6yM3w7m2kmUrOJ2CNAUoTEmDeBCur1aeeHVl5Q/s640/2012-02-26+00.01.32.png","https://blogger.googleusercontent.com/img/b/R29vZ2xl/AVvXsEiFCfkGgrCBpt0X2oVD5Mie-o1vgM27X7720ugYuenhW8jzzi-7sYEqECBm_ETGDC8IH5ZK8_-xnZ_fJLBhJf0boRmuziXJueLT6yM3w7m2kmUrOJ2CNAUoTEmDeBCur1aeeHVl5Q/s640/2012-02-26+00.01.32.png","/assets/images/blogger.googleusercontent.com/13978d36c92773a9.png","126489","image/png"
"downloaded","https://blogger.googleusercontent.com/img/b/R29vZ2xl/AVvXsEiL9d0ANkeR6kpZMJ192Agv-sGaNCzs2Obih3yQR3JbtbU-PtvEs0pFe9LgKSMPQarHW25Oz4B4TJDgoKMfUi92_HCDRBqboXtzzugYd8Ddjbj-MHQ7AyCwhlvBirD2nO8DjQ-FuQ/s9999/1511009605.png","https://blogger.googleusercontent.com/img/b/R29vZ2xl/AVvXsEiL9d0ANkeR6kpZMJ192Agv-sGaNCzs2Obih3yQR3JbtbU-PtvEs0pFe9LgKSMPQarHW25Oz4B4TJDgoKMfUi92_HCDRBqboXtzzugYd8Ddjbj-MHQ7AyCwhlvBirD2nO8DjQ-FuQ/s9999/1511009605.png","https://blogger.googleusercontent.com/img/b/R29vZ2xl/AVvXsEiL9d0ANkeR6kpZMJ192Agv-sGaNCzs2Obih3yQR3JbtbU-PtvEs0pFe9LgKSMPQarHW25Oz4B4TJDgoKMfUi92_HCDRBqboXtzzugYd8Ddjbj-MHQ7AyCwhlvBirD2nO8DjQ-FuQ/s9999/1511009605.png","/assets/images/blogger.googleusercontent.com/2d964499e51225c4.png","572462","image/png"
"downloaded","https://blogger.googleusercontent.com/img/b/R29vZ2xl/AVvXsEiEDb7KMDeTwk9N8c0hruCrT8QuyQ5rVGO0LoalVXgVc3TZ6L0vbp4SgrLC6Ai37QYbCb5xBtToVC0qmMZzj6aF7ofPCxYlW4Yar_W4EbSX4taJNkMDHQGTmpWy6NgGtt2g2aOMGQ/s640/Events-of-Taiwan-community-evolution-challenges-and-survival-in-2012_Page_15.png","https://blogger.googleusercontent.com/img/b/R29vZ2xl/AVvXsEiEDb7KMDeTwk9N8c0hruCrT8QuyQ5rVGO0LoalVXgVc3TZ6L0vbp4SgrLC6Ai37QYbCb5xBtToVC0qmMZzj6aF7ofPCxYlW4Yar_W4EbSX4taJNkMDHQGTmpWy6NgGtt2g2aOMGQ/s640/Events-of-Taiwan-community-evolution-challenges-and-survival-in-2012_Page_15.png","https://blogger.googleusercontent.com/img/b/R29vZ2xl/AVvXsEiEDb7KMDeTwk9N8c0hruCrT8QuyQ5rVGO0LoalVXgVc3TZ6L0vbp4SgrLC6Ai37QYbCb5xBtToVC0qmMZzj6aF7ofPCxYlW4Yar_W4EbSX4taJNkMDHQGTmpWy6NgGtt2g2aOMGQ/s640/Events-of-Taiwan-community-evolution-challenges-and-survival-in-2012_Page_15.png","/assets/images/blogger.googleusercontent.com/adb7b2dc0fb252d5.png","392425","image/png"
"downloaded","https://blogger.googleusercontent.com/img/b/R29vZ2xl/AVvXsEiH5CPg3j0WfeMoOGdPnJzK8g0rY48tJDsu4nk-5gog_IZ-3ilsmRvuqJyrP6dWJj98MXtNKcqmbgssAG2xMIuBw3QMCemfAkGAipS5gwjOWsmUpsr_VTj_kXXoPYoIJA1fI6vEWQ/s640/mozlondon_community_space.gif","https://blogger.googleusercontent.com/img/b/R29vZ2xl/AVvXsEiH5CPg3j0WfeMoOGdPnJzK8g0rY48tJDsu4nk-5gog_IZ-3ilsmRvuqJyrP6dWJj98MXtNKcqmbgssAG2xMIuBw3QMCemfAkGAipS5gwjOWsmUpsr_VTj_kXXoPYoIJA1fI6vEWQ/s640/mozlondon_community_space.gif","https://blogger.googleusercontent.com/img/b/R29vZ2xl/AVvXsEiH5CPg3j0WfeMoOGdPnJzK8g0rY48tJDsu4nk-5gog_IZ-3ilsmRvuqJyrP6dWJj98MXtNKcqmbgssAG2xMIuBw3QMCemfAkGAipS5gwjOWsmUpsr_VTj_kXXoPYoIJA1fI6vEWQ/s640/mozlondon_community_space.gif","/assets/images/blogger.googleusercontent.com/1a66664bc5ec3f48.gif","541096","image/gif"
"downloaded","https://blogger.googleusercontent.com/img/b/R29vZ2xl/AVvXsEiiQGykzgpyVXqcU8Q8bnl91WhFzrEYoHNkMcmKfG1H97Nn16SMvCJp17XjgEUvH_TSwBVg4WBruTzDiSCCgsPUwYN45htTvkcv8NEAMjzWQRdCh769nhCrDCo4nsP20Fo9cty6gw/s640/Events-of-Taiwan-community-evolution-challenges-and-survival-in-2012_Page_13.png","https://blogger.googleusercontent.com/img/b/R29vZ2xl/AVvXsEiiQGykzgpyVXqcU8Q8bnl91WhFzrEYoHNkMcmKfG1H97Nn16SMvCJp17XjgEUvH_TSwBVg4WBruTzDiSCCgsPUwYN45htTvkcv8NEAMjzWQRdCh769nhCrDCo4nsP20Fo9cty6gw/s640/Events-of-Taiwan-community-evolution-challenges-and-survival-in-2012_Page_13.png","https://blogger.googleusercontent.com/img/b/R29vZ2xl/AVvXsEiiQGykzgpyVXqcU8Q8bnl91WhFzrEYoHNkMcmKfG1H97Nn16SMvCJp17XjgEUvH_TSwBVg4WBruTzDiSCCgsPUwYN45htTvkcv8NEAMjzWQRdCh769nhCrDCo4nsP20Fo9cty6gw/s640/Events-of-Taiwan-community-evolution-challenges-and-survival-in-2012_Page_13.png","/assets/images/blogger.googleusercontent.com/abc1d5abab254d5b.png","402932","image/png"
"downloaded","https://blogger.googleusercontent.com/img/b/R29vZ2xl/AVvXsEiK2VMVtQiFnV8YTT7wmRr_xuAPMh2KYQ9aBXzEV2RRv4BCJwj_bGRbGxC0bBZBxiYxfr2i9sXCYoXQ-PfowVUscoJTIQv0QDP47Wm-vPkAbHxDaDUndfLT98w54UQVD_cA_agn0Q/s320/overview_hero1_20091020.jpg","https://blogger.googleusercontent.com/img/b/R29vZ2xl/AVvXsEiK2VMVtQiFnV8YTT7wmRr_xuAPMh2KYQ9aBXzEV2RRv4BCJwj_bGRbGxC0bBZBxiYxfr2i9sXCYoXQ-PfowVUscoJTIQv0QDP47Wm-vPkAbHxDaDUndfLT98w54UQVD_cA_agn0Q/s320/overview_hero1_20091020.jpg","https://blogger.googleusercontent.com/img/b/R29vZ2xl/AVvXsEiK2VMVtQiFnV8YTT7wmRr_xuAPMh2KYQ9aBXzEV2RRv4BCJwj_bGRbGxC0bBZBxiYxfr2i9sXCYoXQ-PfowVUscoJTIQv0QDP47Wm-vPkAbHxDaDUndfLT98w54UQVD_cA_agn0Q/s320/overview_hero1_20091020.jpg","/assets/images/blogger.googleusercontent.com/665143bb7c019c5e.jpg","13180","image/jpeg"
"downloaded","https://blogger.googleusercontent.com/img/b/R29vZ2xl/AVvXsEinlRB4t_8_pSZG8C9hHylH5rcM5rlNViwjN1uoRAUqSyrKZQc1rG73K6UI-6pfAfb1FAN2CrMjL4LBjZx7n6wLPx8jphJlg87k1qn7aoLJaW3souHd9tyyQM2krWM8lun-v5sCjw/s320/screen-capture-2.png","https://blogger.googleusercontent.com/img/b/R29vZ2xl/AVvXsEinlRB4t_8_pSZG8C9hHylH5rcM5rlNViwjN1uoRAUqSyrKZQc1rG73K6UI-6pfAfb1FAN2CrMjL4LBjZx7n6wLPx8jphJlg87k1qn7aoLJaW3souHd9tyyQM2krWM8lun-v5sCjw/s320/screen-capture-2.png","https://blogger.googleusercontent.com/img/b/R29vZ2xl/AVvXsEinlRB4t_8_pSZG8C9hHylH5rcM5rlNViwjN1uoRAUqSyrKZQc1rG73K6UI-6pfAfb1FAN2CrMjL4LBjZx7n6wLPx8jphJlg87k1qn7aoLJaW3souHd9tyyQM2krWM8lun-v5sCjw/s320/screen-capture-2.png","/assets/images/blogger.googleusercontent.com/03d23c38b7ce8f11.png","18201","image/png"
"downloaded","https://blogger.googleusercontent.com/img/b/R29vZ2xl/AVvXsEiPj0IB48dgNb3i2gZOP2MntbdvqSxCRBKdk_9F-zbTvfKqOQ_1EGCtCaZNjWMFkaDYzdQmPbAPsVP_BNdHyEOxZpcRRd_xvDGXedMpGUqYlCcN3SQ66i7MLhBCPeDA_jY5b-5PeA/s1600/2012-02-26+02.44.55.png","https://blogger.googleusercontent.com/img/b/R29vZ2xl/AVvXsEiPj0IB48dgNb3i2gZOP2MntbdvqSxCRBKdk_9F-zbTvfKqOQ_1EGCtCaZNjWMFkaDYzdQmPbAPsVP_BNdHyEOxZpcRRd_xvDGXedMpGUqYlCcN3SQ66i7MLhBCPeDA_jY5b-5PeA/s1600/2012-02-26+02.44.55.png","https://blogger.googleusercontent.com/img/b/R29vZ2xl/AVvXsEiPj0IB48dgNb3i2gZOP2MntbdvqSxCRBKdk_9F-zbTvfKqOQ_1EGCtCaZNjWMFkaDYzdQmPbAPsVP_BNdHyEOxZpcRRd_xvDGXedMpGUqYlCcN3SQ66i7MLhBCPeDA_jY5b-5PeA/s1600/2012-02-26+02.44.55.png","/assets/images/blogger.googleusercontent.com/d734bd48d39f5dd7.png","6843","image/png"
"downloaded","https://blogger.googleusercontent.com/img/b/R29vZ2xl/AVvXsEiS6pk9sF9ZZhohPTc_mbQ7k4eBLQ0ERxe1YIehToL0O27Hg9kjZOjkz-d82LPVyajDFQLerU3pS4Gpsb6ZTKM-KXrHHLw3oNk9Mad7rDTC-scVrq1P4fdWN8Ry65iHtr4AKyj_BA/s320/tttw.jpg","https://blogger.googleusercontent.com/img/b/R29vZ2xl/AVvXsEiS6pk9sF9ZZhohPTc_mbQ7k4eBLQ0ERxe1YIehToL0O27Hg9kjZOjkz-d82LPVyajDFQLerU3pS4Gpsb6ZTKM-KXrHHLw3oNk9Mad7rDTC-scVrq1P4fdWN8Ry65iHtr4AKyj_BA/s320/tttw.jpg","https://blogger.googleusercontent.com/img/b/R29vZ2xl/AVvXsEiS6pk9sF9ZZhohPTc_mbQ7k4eBLQ0ERxe1YIehToL0O27Hg9kjZOjkz-d82LPVyajDFQLerU3pS4Gpsb6ZTKM-KXrHHLw3oNk9Mad7rDTC-scVrq1P4fdWN8Ry65iHtr4AKyj_BA/s320/tttw.jpg","/assets/images/blogger.googleusercontent.com/9b460d8cb6134a1f.jpg","36019","image/jpeg"
"downloaded","https://blogger.googleusercontent.com/img/b/R29vZ2xl/AVvXsEiRPz9ooE_KKYhwbIuiN34yyzTDOv4jEjYrut3PQEBCqfHrqqMalx7zVWNOlrpsMiQJ7udJUzQB0F39SrP1o7gttxx7qdWISZ5x7UIlzItmc_l3lh-VpoXCdPEiMIYXcGpSdGdIHQ/s400/a.png","https://blogger.googleusercontent.com/img/b/R29vZ2xl/AVvXsEiRPz9ooE_KKYhwbIuiN34yyzTDOv4jEjYrut3PQEBCqfHrqqMalx7zVWNOlrpsMiQJ7udJUzQB0F39SrP1o7gttxx7qdWISZ5x7UIlzItmc_l3lh-VpoXCdPEiMIYXcGpSdGdIHQ/s400/a.png","https://blogger.googleusercontent.com/img/b/R29vZ2xl/AVvXsEiRPz9ooE_KKYhwbIuiN34yyzTDOv4jEjYrut3PQEBCqfHrqqMalx7zVWNOlrpsMiQJ7udJUzQB0F39SrP1o7gttxx7qdWISZ5x7UIlzItmc_l3lh-VpoXCdPEiMIYXcGpSdGdIHQ/s400/a.png","/assets/images/blogger.googleusercontent.com/118c7bfa846e4fac.png","59171","image/png"
"downloaded","https://blogger.googleusercontent.com/img/b/R29vZ2xl/AVvXsEitt3TMxxUk_7NrTBaEKDQkawYy-S_HD7x_TuB2zzTrt6Dy-U5S8eZGEzVL6257PQb22QGyPdnEoRSMJXNpJAr0J8TWf1aVTzLnRsQsvPm9ckWgKtHLDcYBCRXZiwEWwsLQO4hezw/s640/MozTW+Firefox+4+%2540+iPad.png","https://blogger.googleusercontent.com/img/b/R29vZ2xl/AVvXsEitt3TMxxUk_7NrTBaEKDQkawYy-S_HD7x_TuB2zzTrt6Dy-U5S8eZGEzVL6257PQb22QGyPdnEoRSMJXNpJAr0J8TWf1aVTzLnRsQsvPm9ckWgKtHLDcYBCRXZiwEWwsLQO4hezw/s640/MozTW+Firefox+4+%2540+iPad.png","https://blogger.googleusercontent.com/img/b/R29vZ2xl/AVvXsEitt3TMxxUk_7NrTBaEKDQkawYy-S_HD7x_TuB2zzTrt6Dy-U5S8eZGEzVL6257PQb22QGyPdnEoRSMJXNpJAr0J8TWf1aVTzLnRsQsvPm9ckWgKtHLDcYBCRXZiwEWwsLQO4hezw/s640/MozTW+Firefox+4+%2540+iPad.png","/assets/images/blogger.googleusercontent.com/474ef852b7974210.png","197237","image/png"
"downloaded","https://blogger.googleusercontent.com/img/b/R29vZ2xl/AVvXsEivyq_8Wp-wmrGdhWrTA-890ouYWx-hqVJZOfi6WtwlvkWv9aIb8_EX0J9ZSrtuazqyZDO4bVXzTwa0xgxjttf9xeB0c8_25MnqkP2qaR_-DhU1FJzs8zvfcQwPDV2gFUmGpZaixg/s400/social-2.png","https://blogger.googleusercontent.com/img/b/R29vZ2xl/AVvXsEivyq_8Wp-wmrGdhWrTA-890ouYWx-hqVJZOfi6WtwlvkWv9aIb8_EX0J9ZSrtuazqyZDO4bVXzTwa0xgxjttf9xeB0c8_25MnqkP2qaR_-DhU1FJzs8zvfcQwPDV2gFUmGpZaixg/s400/social-2.png","https://blogger.googleusercontent.com/img/b/R29vZ2xl/AVvXsEivyq_8Wp-wmrGdhWrTA-890ouYWx-hqVJZOfi6WtwlvkWv9aIb8_EX0J9ZSrtuazqyZDO4bVXzTwa0xgxjttf9xeB0c8_25MnqkP2qaR_-DhU1FJzs8zvfcQwPDV2gFUmGpZaixg/s400/social-2.png","/assets/images/blogger.googleusercontent.com/d8ee07f88320923b.png","35757","image/png"
"downloaded","https://blogger.googleusercontent.com/img/b/R29vZ2xl/AVvXsEiqZrhTPk_jaX6lbmby-BiLlII4tm_U3UtTaZrpdORBukVCVAY0EpHbme3vRkO1o6KwADUk-z47AghD7a6tnOa2bHniMgiCrMHjPhtQvZLDqV3AMFi0GPgSMvSAjoTSflRXkJNWWg/s400/_%25E6%2582%25A8%25E7%259A%2584%25E5%25A4%25A7%25E5%2590%258D%25E5%259C%25A8%25E6%25AD%25A4%25E5%2587%25BA%25E7%258F%25BE.png","https://blogger.googleusercontent.com/img/b/R29vZ2xl/AVvXsEiqZrhTPk_jaX6lbmby-BiLlII4tm_U3UtTaZrpdORBukVCVAY0EpHbme3vRkO1o6KwADUk-z47AghD7a6tnOa2bHniMgiCrMHjPhtQvZLDqV3AMFi0GPgSMvSAjoTSflRXkJNWWg/s400/_%25E6%2582%25A8%25E7%259A%2584%25E5%25A4%25A7%25E5%2590%258D%25E5%259C%25A8%25E6%25AD%25A4%25E5%2587%25BA%25E7%258F%25BE.png","https://blogger.googleusercontent.com/img/b/R29vZ2xl/AVvXsEiqZrhTPk_jaX6lbmby-BiLlII4tm_U3UtTaZrpdORBukVCVAY0EpHbme3vRkO1o6KwADUk-z47AghD7a6tnOa2bHniMgiCrMHjPhtQvZLDqV3AMFi0GPgSMvSAjoTSflRXkJNWWg/s400/_%25E6%2582%25A8%25E7%259A%2584%25E5%25A4%25A7%25E5%2590%258D%25E5%259C%25A8%25E6%25AD%25A4%25E5%2587%25BA%25E7%258F%25BE.png","/assets/images/blogger.googleusercontent.com/3ad66661621a7ecc.png","45999","image/png"
"downloaded","https://blogger.googleusercontent.com/img/b/R29vZ2xl/AVvXsEix7lIQ5y8C0KqLQTlkp5WPIcolY662FqOTFNsn_32im-vny7dyMTJG2aijfSS_yHxip1cXcjw4ec7WyKwBf45df-xChgwbybsnIDkSp6cDN6o54KDnWWfMR5ytL6ZO7Ss4xzrtiw/s640/Events-of-Taiwan-community-evolution-challenges-and-survival-in-2012_Page_06.png","https://blogger.googleusercontent.com/img/b/R29vZ2xl/AVvXsEix7lIQ5y8C0KqLQTlkp5WPIcolY662FqOTFNsn_32im-vny7dyMTJG2aijfSS_yHxip1cXcjw4ec7WyKwBf45df-xChgwbybsnIDkSp6cDN6o54KDnWWfMR5ytL6ZO7Ss4xzrtiw/s640/Events-of-Taiwan-community-evolution-challenges-and-survival-in-2012_Page_06.png","https://blogger.googleusercontent.com/img/b/R29vZ2xl/AVvXsEix7lIQ5y8C0KqLQTlkp5WPIcolY662FqOTFNsn_32im-vny7dyMTJG2aijfSS_yHxip1cXcjw4ec7WyKwBf45df-xChgwbybsnIDkSp6cDN6o54KDnWWfMR5ytL6ZO7Ss4xzrtiw/s640/Events-of-Taiwan-community-evolution-challenges-and-survival-in-2012_Page_06.png","/assets/images/blogger.googleusercontent.com/df3514dcf5017be0.png","450988","image/png"
"downloaded","https://blogger.googleusercontent.com/img/b/R29vZ2xl/AVvXsEiUII9NSTgI_fB3CSDVFuxG5jB83XvT1RpleBUeUbOxVtLO2avKJhB7oZt19rYexEYE64-Pn7xHo5zKZj1dWuNEWLmx7lP79AuorgvKJdJP1AxBeCB5uiH8PX6I0g2VF2zyjOp9bQ/s400/1200px-Wikimania-2013-PolyU-Maps.jpg","https://blogger.googleusercontent.com/img/b/R29vZ2xl/AVvXsEiUII9NSTgI_fB3CSDVFuxG5jB83XvT1RpleBUeUbOxVtLO2avKJhB7oZt19rYexEYE64-Pn7xHo5zKZj1dWuNEWLmx7lP79AuorgvKJdJP1AxBeCB5uiH8PX6I0g2VF2zyjOp9bQ/s400/1200px-Wikimania-2013-PolyU-Maps.jpg","https://blogger.googleusercontent.com/img/b/R29vZ2xl/AVvXsEiUII9NSTgI_fB3CSDVFuxG5jB83XvT1RpleBUeUbOxVtLO2avKJhB7oZt19rYexEYE64-Pn7xHo5zKZj1dWuNEWLmx7lP79AuorgvKJdJP1AxBeCB5uiH8PX6I0g2VF2zyjOp9bQ/s400/1200px-Wikimania-2013-PolyU-Maps.jpg","/assets/images/blogger.googleusercontent.com/7d5744c9411955ce.jpg","42239","image/jpeg"
"downloaded","https://blogger.googleusercontent.com/img/b/R29vZ2xl/AVvXsEj0L1yifZnCb0wCaVJszg1h_gR7jXTX2UU_MQXWe9q1H0iE8Ag-iiNseRGBvwUiRV3SM4H4o6JM60wtl7IU60oChI2_sRJ59qBKY1p0o3UQxrBpvYBzYEdqDPDfLd_5KcC9nrNS5A/s400/MozTW+Firefox+4+%2540+iPhone+-+2.png","https://blogger.googleusercontent.com/img/b/R29vZ2xl/AVvXsEj0L1yifZnCb0wCaVJszg1h_gR7jXTX2UU_MQXWe9q1H0iE8Ag-iiNseRGBvwUiRV3SM4H4o6JM60wtl7IU60oChI2_sRJ59qBKY1p0o3UQxrBpvYBzYEdqDPDfLd_5KcC9nrNS5A/s400/MozTW+Firefox+4+%2540+iPhone+-+2.png","https://blogger.googleusercontent.com/img/b/R29vZ2xl/AVvXsEj0L1yifZnCb0wCaVJszg1h_gR7jXTX2UU_MQXWe9q1H0iE8Ag-iiNseRGBvwUiRV3SM4H4o6JM60wtl7IU60oChI2_sRJ59qBKY1p0o3UQxrBpvYBzYEdqDPDfLd_5KcC9nrNS5A/s400/MozTW+Firefox+4+%2540+iPhone+-+2.png","/assets/images/blogger.googleusercontent.com/53e2e78133d2aa46.png","72692","image/png"
"downloaded","https://blogger.googleusercontent.com/img/b/R29vZ2xl/AVvXsEixnjV45vhkixznkjPP6HhAtnVK8bQpSROHsNL-InwxndpxCWGOFZQvzLUFJXjBwQghj-SaC-4A31VKyR72PDuuYRHZQdNsAGSZlDGyJreJjbSCt9lO4rf6pF0nZZsZOSdFuu80Sg/s640/2012-07-11+01.39.26.png","https://blogger.googleusercontent.com/img/b/R29vZ2xl/AVvXsEixnjV45vhkixznkjPP6HhAtnVK8bQpSROHsNL-InwxndpxCWGOFZQvzLUFJXjBwQghj-SaC-4A31VKyR72PDuuYRHZQdNsAGSZlDGyJreJjbSCt9lO4rf6pF0nZZsZOSdFuu80Sg/s640/2012-07-11+01.39.26.png","https://blogger.googleusercontent.com/img/b/R29vZ2xl/AVvXsEixnjV45vhkixznkjPP6HhAtnVK8bQpSROHsNL-InwxndpxCWGOFZQvzLUFJXjBwQghj-SaC-4A31VKyR72PDuuYRHZQdNsAGSZlDGyJreJjbSCt9lO4rf6pF0nZZsZOSdFuu80Sg/s640/2012-07-11+01.39.26.png","/assets/images/blogger.googleusercontent.com/604f6ed29796e3d2.png","167423","image/png"
"downloaded","https://blogger.googleusercontent.com/img/b/R29vZ2xl/AVvXsEiZEixun2A190DcXkQbHtuo0jmm6CRNaoWdtWsP8uJ9i63cj3pmRLQTAQXe_QkD-4RLicIrI1Ey75fOSY_5x5O8h17KY_ihjWmsjmP774QELrRAYJQioSZvi9MSstYpaGc1QstkoQ/s640/social-6.png","https://blogger.googleusercontent.com/img/b/R29vZ2xl/AVvXsEiZEixun2A190DcXkQbHtuo0jmm6CRNaoWdtWsP8uJ9i63cj3pmRLQTAQXe_QkD-4RLicIrI1Ey75fOSY_5x5O8h17KY_ihjWmsjmP774QELrRAYJQioSZvi9MSstYpaGc1QstkoQ/s640/social-6.png","https://blogger.googleusercontent.com/img/b/R29vZ2xl/AVvXsEiZEixun2A190DcXkQbHtuo0jmm6CRNaoWdtWsP8uJ9i63cj3pmRLQTAQXe_QkD-4RLicIrI1Ey75fOSY_5x5O8h17KY_ihjWmsjmP774QELrRAYJQioSZvi9MSstYpaGc1QstkoQ/s640/social-6.png","/assets/images/blogger.googleusercontent.com/7ff410150786fce4.png","353987","image/png"
"downloaded","https://blogger.googleusercontent.com/img/b/R29vZ2xl/AVvXsEizpsL4efvPS6UFUCUY9YihW7XpIBScoNF_Bo-9HYmYx6xuCjXfrGL-yY3kVwtF5pawAjpAnCN_w5zZ-M5l7VFwsmALY8xis1KvZooz9vqIa_kirQ1mEJPZNo-tVvT7gy3ztNHMtw/s640/social-5.png","https://blogger.googleusercontent.com/img/b/R29vZ2xl/AVvXsEizpsL4efvPS6UFUCUY9YihW7XpIBScoNF_Bo-9HYmYx6xuCjXfrGL-yY3kVwtF5pawAjpAnCN_w5zZ-M5l7VFwsmALY8xis1KvZooz9vqIa_kirQ1mEJPZNo-tVvT7gy3ztNHMtw/s640/social-5.png","https://blogger.googleusercontent.com/img/b/R29vZ2xl/AVvXsEizpsL4efvPS6UFUCUY9YihW7XpIBScoNF_Bo-9HYmYx6xuCjXfrGL-yY3kVwtF5pawAjpAnCN_w5zZ-M5l7VFwsmALY8xis1KvZooz9vqIa_kirQ1mEJPZNo-tVvT7gy3ztNHMtw/s640/social-5.png","/assets/images/blogger.googleusercontent.com/32eded44d97870c8.png","378716","image/png"
"downloaded","https://blogger.googleusercontent.com/img/b/R29vZ2xl/AVvXsEj0XmmN7xaSLVup1Ttv-GLDBtekyrkoO6lN6k6jYqLWIErMq7btzER3Wc4ORSY7eFjPyjHe1Naxkc2pv4SM9k3OrnPXtiH3_yWTYMprWqswWZSG3_10epSPuoHjYCQ6nAdOXRw1ow/s200/home.png","https://blogger.googleusercontent.com/img/b/R29vZ2xl/AVvXsEj0XmmN7xaSLVup1Ttv-GLDBtekyrkoO6lN6k6jYqLWIErMq7btzER3Wc4ORSY7eFjPyjHe1Naxkc2pv4SM9k3OrnPXtiH3_yWTYMprWqswWZSG3_10epSPuoHjYCQ6nAdOXRw1ow/s200/home.png","https://blogger.googleusercontent.com/img/b/R29vZ2xl/AVvXsEj0XmmN7xaSLVup1Ttv-GLDBtekyrkoO6lN6k6jYqLWIErMq7btzER3Wc4ORSY7eFjPyjHe1Naxkc2pv4SM9k3OrnPXtiH3_yWTYMprWqswWZSG3_10epSPuoHjYCQ6nAdOXRw1ow/s200/home.png","/assets/images/blogger.googleusercontent.com/5547e01503aea79b.png","34803","image/png"
"downloaded","https://blogger.googleusercontent.com/img/b/R29vZ2xl/AVvXsEj9aP4xhiLAOlT2-uVqTzQtWBfJ3C9QiM_pTLlz5CzLx6ZKohu2ZjWt4xsp1QGxIDTtjYCGARjGwFMqvvyG71AkTky4O4Hc6F4keJmUEw850Qe43revCp2F4fvQ1ReYDahr_Gp2zg/s640/Events-of-Taiwan-community-evolution-challenges-and-survival-in-2012_Page_20.png","https://blogger.googleusercontent.com/img/b/R29vZ2xl/AVvXsEj9aP4xhiLAOlT2-uVqTzQtWBfJ3C9QiM_pTLlz5CzLx6ZKohu2ZjWt4xsp1QGxIDTtjYCGARjGwFMqvvyG71AkTky4O4Hc6F4keJmUEw850Qe43revCp2F4fvQ1ReYDahr_Gp2zg/s640/Events-of-Taiwan-community-evolution-challenges-and-survival-in-2012_Page_20.png","https://blogger.googleusercontent.com/img/b/R29vZ2xl/AVvXsEj9aP4xhiLAOlT2-uVqTzQtWBfJ3C9QiM_pTLlz5CzLx6ZKohu2ZjWt4xsp1QGxIDTtjYCGARjGwFMqvvyG71AkTky4O4Hc6F4keJmUEw850Qe43revCp2F4fvQ1ReYDahr_Gp2zg/s640/Events-of-Taiwan-community-evolution-challenges-and-survival-in-2012_Page_20.png","/assets/images/blogger.googleusercontent.com/9affdafd9e70da5b.png","440974","image/png"
"downloaded","https://blogger.googleusercontent.com/img/b/R29vZ2xl/AVvXsEjBIJMG7yynDpr3WJlRiBEOWYVy7xqYHGdKqIolFIRtmjMcMiJXnpfnLwpFEgo6B-UyWPbMvS0IAhe3cl0v0OrYqwRY5CA9sStWXXZvboZtYfbs_Frt5nnEPs6KRLwFZM0KI515og/s640/2012-07-11+01.00.29.png","https://blogger.googleusercontent.com/img/b/R29vZ2xl/AVvXsEjBIJMG7yynDpr3WJlRiBEOWYVy7xqYHGdKqIolFIRtmjMcMiJXnpfnLwpFEgo6B-UyWPbMvS0IAhe3cl0v0OrYqwRY5CA9sStWXXZvboZtYfbs_Frt5nnEPs6KRLwFZM0KI515og/s640/2012-07-11+01.00.29.png","https://blogger.googleusercontent.com/img/b/R29vZ2xl/AVvXsEjBIJMG7yynDpr3WJlRiBEOWYVy7xqYHGdKqIolFIRtmjMcMiJXnpfnLwpFEgo6B-UyWPbMvS0IAhe3cl0v0OrYqwRY5CA9sStWXXZvboZtYfbs_Frt5nnEPs6KRLwFZM0KI515og/s640/2012-07-11+01.00.29.png","/assets/images/blogger.googleusercontent.com/4a31ca83069f9d32.png","110315","image/png"
"downloaded","https://blogger.googleusercontent.com/img/b/R29vZ2xl/AVvXsEj4ThzlcLA0sbAONOTp70iB3-WTTpEa-L6MPK6WDDAZYUNkWq1mMryKwqFZMr4CjNIpA5Db0EZj4KGBKvq5AYNZ6u3oDffgBNqBFxUwhzAhUDsh-Uy7JLKabqeXtm_KUqtDhraLUA/s640/Events-of-Taiwan-community-evolution-challenges-and-survival-in-2012_Page_10.png","https://blogger.googleusercontent.com/img/b/R29vZ2xl/AVvXsEj4ThzlcLA0sbAONOTp70iB3-WTTpEa-L6MPK6WDDAZYUNkWq1mMryKwqFZMr4CjNIpA5Db0EZj4KGBKvq5AYNZ6u3oDffgBNqBFxUwhzAhUDsh-Uy7JLKabqeXtm_KUqtDhraLUA/s640/Events-of-Taiwan-community-evolution-challenges-and-survival-in-2012_Page_10.png","https://blogger.googleusercontent.com/img/b/R29vZ2xl/AVvXsEj4ThzlcLA0sbAONOTp70iB3-WTTpEa-L6MPK6WDDAZYUNkWq1mMryKwqFZMr4CjNIpA5Db0EZj4KGBKvq5AYNZ6u3oDffgBNqBFxUwhzAhUDsh-Uy7JLKabqeXtm_KUqtDhraLUA/s640/Events-of-Taiwan-community-evolution-challenges-and-survival-in-2012_Page_10.png","/assets/images/blogger.googleusercontent.com/354283631bffb40e.png","383446","image/png"
"downloaded","https://blogger.googleusercontent.com/img/b/R29vZ2xl/AVvXsEjH6KeGpAlOxPZADNM2LNp4TqhDR7-UKg3eMWzGkYzftZ__sE27srT8dYpL7zAASzZ0fISlfwEhqPI3Nqwgoljwbu4dQiPHIU_uhnbkalu0e1aTRTRPNUSCaDqHO8CFGAEO8mOknw/s1600/_%25E5%25B8%25B8%25E9%25A7%2590%25E7%25A8%258B%25E5%25BC%258F.png","https://blogger.googleusercontent.com/img/b/R29vZ2xl/AVvXsEjH6KeGpAlOxPZADNM2LNp4TqhDR7-UKg3eMWzGkYzftZ__sE27srT8dYpL7zAASzZ0fISlfwEhqPI3Nqwgoljwbu4dQiPHIU_uhnbkalu0e1aTRTRPNUSCaDqHO8CFGAEO8mOknw/s1600/_%25E5%25B8%25B8%25E9%25A7%2590%25E7%25A8%258B%25E5%25BC%258F.png","https://blogger.googleusercontent.com/img/b/R29vZ2xl/AVvXsEjH6KeGpAlOxPZADNM2LNp4TqhDR7-UKg3eMWzGkYzftZ__sE27srT8dYpL7zAASzZ0fISlfwEhqPI3Nqwgoljwbu4dQiPHIU_uhnbkalu0e1aTRTRPNUSCaDqHO8CFGAEO8mOknw/s1600/_%25E5%25B8%25B8%25E9%25A7%2590%25E7%25A8%258B%25E5%25BC%258F.png","/assets/images/blogger.googleusercontent.com/278ade1e1aabda4e.png","12346","image/png"
"downloaded","https://blogger.googleusercontent.com/img/b/R29vZ2xl/AVvXsEjgulX71U4fEsbjIArxyqZ7KUcwNchNf9kdD6_BqRkUQ9tQkB-0xJgz5jMZhcUArDu0mvha-EFYa3hZuVNIIrgKK-rqOgZv15Ly5M4W4AaDD3Ux7isMvIu4gD9esz5ENz9VJtmeIw/s400/screen-capture1.png","https://blogger.googleusercontent.com/img/b/R29vZ2xl/AVvXsEjgulX71U4fEsbjIArxyqZ7KUcwNchNf9kdD6_BqRkUQ9tQkB-0xJgz5jMZhcUArDu0mvha-EFYa3hZuVNIIrgKK-rqOgZv15Ly5M4W4AaDD3Ux7isMvIu4gD9esz5ENz9VJtmeIw/s400/screen-capture1.png","https://blogger.googleusercontent.com/img/b/R29vZ2xl/AVvXsEjgulX71U4fEsbjIArxyqZ7KUcwNchNf9kdD6_BqRkUQ9tQkB-0xJgz5jMZhcUArDu0mvha-EFYa3hZuVNIIrgKK-rqOgZv15Ly5M4W4AaDD3Ux7isMvIu4gD9esz5ENz9VJtmeIw/s400/screen-capture1.png","/assets/images/blogger.googleusercontent.com/5ec46474cabe4ada.png","122903","image/png"
"downloaded","https://blogger.googleusercontent.com/img/b/R29vZ2xl/AVvXsEjghOW4GUFaDt7PjYSz3JDVICeI10lfOe6kmLXUn669vfrluHc8eOc4P-NW-9R3yJdQqqp_6LN3dekL2vR9DzTCoExAyJ__5U0jp-ayLzT2W9UOiIq9brcNeXaqrlrILKMjOFb-vg/s9999/1489249134.png","https://blogger.googleusercontent.com/img/b/R29vZ2xl/AVvXsEjghOW4GUFaDt7PjYSz3JDVICeI10lfOe6kmLXUn669vfrluHc8eOc4P-NW-9R3yJdQqqp_6LN3dekL2vR9DzTCoExAyJ__5U0jp-ayLzT2W9UOiIq9brcNeXaqrlrILKMjOFb-vg/s9999/1489249134.png","https://blogger.googleusercontent.com/img/b/R29vZ2xl/AVvXsEjghOW4GUFaDt7PjYSz3JDVICeI10lfOe6kmLXUn669vfrluHc8eOc4P-NW-9R3yJdQqqp_6LN3dekL2vR9DzTCoExAyJ__5U0jp-ayLzT2W9UOiIq9brcNeXaqrlrILKMjOFb-vg/s9999/1489249134.png","/assets/images/blogger.googleusercontent.com/19bebcd7bd290113.png","1295077","image/png"
"downloaded","https://blogger.googleusercontent.com/img/b/R29vZ2xl/AVvXsEjHWrdPrlmX4vBX041KyZxBSIUR99tgyTp9qeLmW6oxHWfQ0kDxat0-rcLvevG0eTHJLlz6HMXosmZMpqbXWY1X3I0R_DQBtqmFXCtNZuz1rlfrZ0bbcBWLmka1iJJmGTdhL6Z02w/s640/Events-of-Taiwan-community-evolution-challenges-and-survival-in-2012_Page_05.png","https://blogger.googleusercontent.com/img/b/R29vZ2xl/AVvXsEjHWrdPrlmX4vBX041KyZxBSIUR99tgyTp9qeLmW6oxHWfQ0kDxat0-rcLvevG0eTHJLlz6HMXosmZMpqbXWY1X3I0R_DQBtqmFXCtNZuz1rlfrZ0bbcBWLmka1iJJmGTdhL6Z02w/s640/Events-of-Taiwan-community-evolution-challenges-and-survival-in-2012_Page_05.png","https://blogger.googleusercontent.com/img/b/R29vZ2xl/AVvXsEjHWrdPrlmX4vBX041KyZxBSIUR99tgyTp9qeLmW6oxHWfQ0kDxat0-rcLvevG0eTHJLlz6HMXosmZMpqbXWY1X3I0R_DQBtqmFXCtNZuz1rlfrZ0bbcBWLmka1iJJmGTdhL6Z02w/s640/Events-of-Taiwan-community-evolution-challenges-and-survival-in-2012_Page_05.png","/assets/images/blogger.googleusercontent.com/e6c510a7c5105adf.png","443713","image/png"
"downloaded","https://blogger.googleusercontent.com/img/b/R29vZ2xl/AVvXsEjDIcRlQBhY_oz6nf0Fk9VX2MzzuRitwBeQ7z9w5_78476IWElJeBdgW6y-62ZsET2B29KIprBSg-LoyElhj9HelUitV-r4uc8S3exCkHbrSXJ6SK9L2-nF1rDT-y_z6DjhzHFWfQ/s1600/2012-02-26+00.17.12.png","https://blogger.googleusercontent.com/img/b/R29vZ2xl/AVvXsEjDIcRlQBhY_oz6nf0Fk9VX2MzzuRitwBeQ7z9w5_78476IWElJeBdgW6y-62ZsET2B29KIprBSg-LoyElhj9HelUitV-r4uc8S3exCkHbrSXJ6SK9L2-nF1rDT-y_z6DjhzHFWfQ/s1600/2012-02-26+00.17.12.png","https://blogger.googleusercontent.com/img/b/R29vZ2xl/AVvXsEjDIcRlQBhY_oz6nf0Fk9VX2MzzuRitwBeQ7z9w5_78476IWElJeBdgW6y-62ZsET2B29KIprBSg-LoyElhj9HelUitV-r4uc8S3exCkHbrSXJ6SK9L2-nF1rDT-y_z6DjhzHFWfQ/s1600/2012-02-26+00.17.12.png","/assets/images/blogger.googleusercontent.com/05d3e6e05b4a95aa.png","11696","image/png"
"downloaded","https://blogger.googleusercontent.com/img/b/R29vZ2xl/AVvXsEjANUMSqwCS0uvcEgFABC66Jo4eyONyKz_55pisZI_vPauon9kzT2zQ3q2jEpHIsgXIHOsDJq51NH2gq_7Y8jS9A_56OKExUdJnRZ1f4UUlGGOEf_KjCjLwzZnQ6rLd5A1pPF90KQ/s640/MozSpaces+-+Reinventing+MozSpaces+-+new.png","https://blogger.googleusercontent.com/img/b/R29vZ2xl/AVvXsEjANUMSqwCS0uvcEgFABC66Jo4eyONyKz_55pisZI_vPauon9kzT2zQ3q2jEpHIsgXIHOsDJq51NH2gq_7Y8jS9A_56OKExUdJnRZ1f4UUlGGOEf_KjCjLwzZnQ6rLd5A1pPF90KQ/s640/MozSpaces+-+Reinventing+MozSpaces+-+new.png","https://blogger.googleusercontent.com/img/b/R29vZ2xl/AVvXsEjANUMSqwCS0uvcEgFABC66Jo4eyONyKz_55pisZI_vPauon9kzT2zQ3q2jEpHIsgXIHOsDJq51NH2gq_7Y8jS9A_56OKExUdJnRZ1f4UUlGGOEf_KjCjLwzZnQ6rLd5A1pPF90KQ/s640/MozSpaces+-+Reinventing+MozSpaces+-+new.png","/assets/images/blogger.googleusercontent.com/cd4e6734537af862.png","418821","image/png"
"downloaded","https://blogger.googleusercontent.com/img/b/R29vZ2xl/AVvXsEjjcB3Vb0eJwX3oHU0PdgRpI2rZEarBhjhwHS2tChXHCjo2ORVp9RwFhTuWgf7Ab7QJ8Pr9epogdXe7uAjoDJ3B3gc_OPhrbFDqpw5DlZhqAJdEeheeL9Ezjq0yTX5KJmy98p40UA/s400/social-3.png","https://blogger.googleusercontent.com/img/b/R29vZ2xl/AVvXsEjjcB3Vb0eJwX3oHU0PdgRpI2rZEarBhjhwHS2tChXHCjo2ORVp9RwFhTuWgf7Ab7QJ8Pr9epogdXe7uAjoDJ3B3gc_OPhrbFDqpw5DlZhqAJdEeheeL9Ezjq0yTX5KJmy98p40UA/s400/social-3.png","https://blogger.googleusercontent.com/img/b/R29vZ2xl/AVvXsEjjcB3Vb0eJwX3oHU0PdgRpI2rZEarBhjhwHS2tChXHCjo2ORVp9RwFhTuWgf7Ab7QJ8Pr9epogdXe7uAjoDJ3B3gc_OPhrbFDqpw5DlZhqAJdEeheeL9Ezjq0yTX5KJmy98p40UA/s400/social-3.png","/assets/images/blogger.googleusercontent.com/8c2c161e41836a3a.png","26230","image/png"
"downloaded","https://blogger.googleusercontent.com/img/b/R29vZ2xl/AVvXsEjJJJCak0PTlZqivLhQU7jxTbunVEuEHD49dlHjIcKkwAx9xsAaSp3BQNGey0mErUt1R1_1qNe94yd2kbuKEafncfBd4cm_QwGArgbXhKjdl3YTTiypeYWaDQyYpKlNpviIA0A-LQ/s640/Events-of-Taiwan-community-evolution-challenges-and-survival-in-2012_Page_02.png","https://blogger.googleusercontent.com/img/b/R29vZ2xl/AVvXsEjJJJCak0PTlZqivLhQU7jxTbunVEuEHD49dlHjIcKkwAx9xsAaSp3BQNGey0mErUt1R1_1qNe94yd2kbuKEafncfBd4cm_QwGArgbXhKjdl3YTTiypeYWaDQyYpKlNpviIA0A-LQ/s640/Events-of-Taiwan-community-evolution-challenges-and-survival-in-2012_Page_02.png","https://blogger.googleusercontent.com/img/b/R29vZ2xl/AVvXsEjJJJCak0PTlZqivLhQU7jxTbunVEuEHD49dlHjIcKkwAx9xsAaSp3BQNGey0mErUt1R1_1qNe94yd2kbuKEafncfBd4cm_QwGArgbXhKjdl3YTTiypeYWaDQyYpKlNpviIA0A-LQ/s640/Events-of-Taiwan-community-evolution-challenges-and-survival-in-2012_Page_02.png","/assets/images/blogger.googleusercontent.com/707eca787ee5870d.png","378427","image/png"
"downloaded","https://blogger.googleusercontent.com/img/b/R29vZ2xl/AVvXsEjsx5im6cH3GAjItjPB6YezWiYdNgcJZUgMGTKQlWoohyphenhyphenpPQSmObFKzMKn2kPfpX28e1zzc6nSx4kSoO4EEZeXFhp8P9gKNdSJPdJ94uDTxVlqyDfboz-Bxp4ge9uGHoxSIVocDkg/s640/2012-02-26-00.22.20.png","https://blogger.googleusercontent.com/img/b/R29vZ2xl/AVvXsEjsx5im6cH3GAjItjPB6YezWiYdNgcJZUgMGTKQlWoohyphenhyphenpPQSmObFKzMKn2kPfpX28e1zzc6nSx4kSoO4EEZeXFhp8P9gKNdSJPdJ94uDTxVlqyDfboz-Bxp4ge9uGHoxSIVocDkg/s640/2012-02-26-00.22.20.png","https://blogger.googleusercontent.com/img/b/R29vZ2xl/AVvXsEjsx5im6cH3GAjItjPB6YezWiYdNgcJZUgMGTKQlWoohyphenhyphenpPQSmObFKzMKn2kPfpX28e1zzc6nSx4kSoO4EEZeXFhp8P9gKNdSJPdJ94uDTxVlqyDfboz-Bxp4ge9uGHoxSIVocDkg/s640/2012-02-26-00.22.20.png","/assets/images/blogger.googleusercontent.com/7a9cbc65897760f9.png","165880","image/png"
"downloaded","https://blogger.googleusercontent.com/img/b/R29vZ2xl/AVvXsEjMVlXc7aeu85a_l6H82mFaPt2462K6fTdLp4AyyvRupI70Q3sKbPZnjaD5oiFlcdwP3yu41QM993vbPTcbFWv0K6gEceuXd0-rnkeZmbbeeMKyp_PiRcAIOWH95_c96GN6k_qfyA/s640/Events-of-Taiwan-community-evolution-challenges-and-survival-in-2012_Page_07.png","https://blogger.googleusercontent.com/img/b/R29vZ2xl/AVvXsEjMVlXc7aeu85a_l6H82mFaPt2462K6fTdLp4AyyvRupI70Q3sKbPZnjaD5oiFlcdwP3yu41QM993vbPTcbFWv0K6gEceuXd0-rnkeZmbbeeMKyp_PiRcAIOWH95_c96GN6k_qfyA/s640/Events-of-Taiwan-community-evolution-challenges-and-survival-in-2012_Page_07.png","https://blogger.googleusercontent.com/img/b/R29vZ2xl/AVvXsEjMVlXc7aeu85a_l6H82mFaPt2462K6fTdLp4AyyvRupI70Q3sKbPZnjaD5oiFlcdwP3yu41QM993vbPTcbFWv0K6gEceuXd0-rnkeZmbbeeMKyp_PiRcAIOWH95_c96GN6k_qfyA/s640/Events-of-Taiwan-community-evolution-challenges-and-survival-in-2012_Page_07.png","/assets/images/blogger.googleusercontent.com/f1a9aae1fc7dde8e.png","404796","image/png"
"downloaded","https://blogger.googleusercontent.com/img/b/R29vZ2xl/AVvXsEjr-lyQtPbdXaDz10BCYKP03jgj-ae7UWTtJa73WgnoOH145qr3MHsOWza2dwCPFF_51a7BU0s0q-7MZmCszT_papdFLLmoNqmsavRxKwX-PLsJ4UFww9Z4h6AaCR3-bHfR8UNDDw/s640/gview.png","https://blogger.googleusercontent.com/img/b/R29vZ2xl/AVvXsEjr-lyQtPbdXaDz10BCYKP03jgj-ae7UWTtJa73WgnoOH145qr3MHsOWza2dwCPFF_51a7BU0s0q-7MZmCszT_papdFLLmoNqmsavRxKwX-PLsJ4UFww9Z4h6AaCR3-bHfR8UNDDw/s640/gview.png","https://blogger.googleusercontent.com/img/b/R29vZ2xl/AVvXsEjr-lyQtPbdXaDz10BCYKP03jgj-ae7UWTtJa73WgnoOH145qr3MHsOWza2dwCPFF_51a7BU0s0q-7MZmCszT_papdFLLmoNqmsavRxKwX-PLsJ4UFww9Z4h6AaCR3-bHfR8UNDDw/s640/gview.png","/assets/images/blogger.googleusercontent.com/7457158dd1fe02a1.png","112789","image/png"
"downloaded","https://blogger.googleusercontent.com/img/b/R29vZ2xl/AVvXsEjsyPlnZeK6Ua3arSYyskQRfDbK9Nq7sU-RyWu0nJH2RcuFfCZMPy0EjHCi89eKJmnBkUNw2p5YY1piUMU9wvfwJckI8rWHKicMBytxSZ7ERSK2AVrTrMB0DKfj3vVzMxIWz27S_g/s288/%E3%80%8A%E4%B8%89%E9%AB%94%E3%80%8B%E6%AD%A3%E5%B0%81.jpg","https://blogger.googleusercontent.com/img/b/R29vZ2xl/AVvXsEjsyPlnZeK6Ua3arSYyskQRfDbK9Nq7sU-RyWu0nJH2RcuFfCZMPy0EjHCi89eKJmnBkUNw2p5YY1piUMU9wvfwJckI8rWHKicMBytxSZ7ERSK2AVrTrMB0DKfj3vVzMxIWz27S_g/s288/%E3%80%8A%E4%B8%89%E9%AB%94%E3%80%8B%E6%AD%A3%E5%B0%81.jpg","https://blogger.googleusercontent.com/img/b/R29vZ2xl/AVvXsEjsyPlnZeK6Ua3arSYyskQRfDbK9Nq7sU-RyWu0nJH2RcuFfCZMPy0EjHCi89eKJmnBkUNw2p5YY1piUMU9wvfwJckI8rWHKicMBytxSZ7ERSK2AVrTrMB0DKfj3vVzMxIWz27S_g/s288/%E3%80%8A%E4%B8%89%E9%AB%94%E3%80%8B%E6%AD%A3%E5%B0%81.jpg","/assets/images/blogger.googleusercontent.com/d3fa53d15086a8bd.jpg","25708","image/jpeg"
"downloaded","https://blogger.googleusercontent.com/img/b/R29vZ2xl/AVvXsEjPk7DUtDCU84zkMt0TBjqRTY-INTYFtjt5sh3sUPH67A-HV5FI2oSB_8OD3K7Aroev3rHt_oBlrBCQVFyWCbaayPQGej7cyCy3CG5_pQVnS4HrRFC7_OALZvoGVwdDeNTGost_WA/s9999/1489248841.png","https://blogger.googleusercontent.com/img/b/R29vZ2xl/AVvXsEjPk7DUtDCU84zkMt0TBjqRTY-INTYFtjt5sh3sUPH67A-HV5FI2oSB_8OD3K7Aroev3rHt_oBlrBCQVFyWCbaayPQGej7cyCy3CG5_pQVnS4HrRFC7_OALZvoGVwdDeNTGost_WA/s9999/1489248841.png","https://blogger.googleusercontent.com/img/b/R29vZ2xl/AVvXsEjPk7DUtDCU84zkMt0TBjqRTY-INTYFtjt5sh3sUPH67A-HV5FI2oSB_8OD3K7Aroev3rHt_oBlrBCQVFyWCbaayPQGej7cyCy3CG5_pQVnS4HrRFC7_OALZvoGVwdDeNTGost_WA/s9999/1489248841.png","/assets/images/blogger.googleusercontent.com/9f80c7f76aa2dfc0.png","780509","image/png"
"downloaded","https://blogger.googleusercontent.com/img/b/R29vZ2xl/AVvXsEjlSqSGiIiE3Mn-oH5uBJL5QdISpVHx9K-_Ffn9yFFqgBX28ZJguWdbLANCDJlVRcFACB9yVBPMkNUK-3irGXa0iuNLTJ0fLLiRQWSHu71nwEG4vApaePdV7N1EqASrg575LfdtKA/s9999/1489248863.png","https://blogger.googleusercontent.com/img/b/R29vZ2xl/AVvXsEjlSqSGiIiE3Mn-oH5uBJL5QdISpVHx9K-_Ffn9yFFqgBX28ZJguWdbLANCDJlVRcFACB9yVBPMkNUK-3irGXa0iuNLTJ0fLLiRQWSHu71nwEG4vApaePdV7N1EqASrg575LfdtKA/s9999/1489248863.png","https://blogger.googleusercontent.com/img/b/R29vZ2xl/AVvXsEjlSqSGiIiE3Mn-oH5uBJL5QdISpVHx9K-_Ffn9yFFqgBX28ZJguWdbLANCDJlVRcFACB9yVBPMkNUK-3irGXa0iuNLTJ0fLLiRQWSHu71nwEG4vApaePdV7N1EqASrg575LfdtKA/s9999/1489248863.png","/assets/images/blogger.googleusercontent.com/abac06312a18a12e.png","1031355","image/png"
"downloaded","https://blogger.googleusercontent.com/img/b/R29vZ2xl/AVvXsEjXCul52QygElwlB753EjjZRpOnONUrnKVMhD-WhJRyzOoThL81E-C5J_btTvl5u41G2h-UN1rJJOMsIQTy1YGvYUv8rWGbqOYIJo3TTusSQuiLHzxXAHOIukXOitPIYBRvYvSv-g/s320/screen-capture.png","https://blogger.googleusercontent.com/img/b/R29vZ2xl/AVvXsEjXCul52QygElwlB753EjjZRpOnONUrnKVMhD-WhJRyzOoThL81E-C5J_btTvl5u41G2h-UN1rJJOMsIQTy1YGvYUv8rWGbqOYIJo3TTusSQuiLHzxXAHOIukXOitPIYBRvYvSv-g/s320/screen-capture.png","https://blogger.googleusercontent.com/img/b/R29vZ2xl/AVvXsEjXCul52QygElwlB753EjjZRpOnONUrnKVMhD-WhJRyzOoThL81E-C5J_btTvl5u41G2h-UN1rJJOMsIQTy1YGvYUv8rWGbqOYIJo3TTusSQuiLHzxXAHOIukXOitPIYBRvYvSv-g/s320/screen-capture.png","/assets/images/blogger.googleusercontent.com/1bb47e19022a1ca7.png","17851","image/png"
"downloaded","https://blogger.googleusercontent.com/img/b/R29vZ2xl/AVvXsEjzx_BFAbrJqWRex04kDrpOio8yIhY6-DRVgt7tnyK1_KBza33uMHCAkQ2pS9l6KvUZb_QbXcx-RMDR-7miBWRYgpMFyrvf8YEIQ2psLQy3qYjjuN6shjgVIa-GeLSWtv2axqY6sw/s640/2012-07-11+01.02.56.png","https://blogger.googleusercontent.com/img/b/R29vZ2xl/AVvXsEjzx_BFAbrJqWRex04kDrpOio8yIhY6-DRVgt7tnyK1_KBza33uMHCAkQ2pS9l6KvUZb_QbXcx-RMDR-7miBWRYgpMFyrvf8YEIQ2psLQy3qYjjuN6shjgVIa-GeLSWtv2axqY6sw/s640/2012-07-11+01.02.56.png","https://blogger.googleusercontent.com/img/b/R29vZ2xl/AVvXsEjzx_BFAbrJqWRex04kDrpOio8yIhY6-DRVgt7tnyK1_KBza33uMHCAkQ2pS9l6KvUZb_QbXcx-RMDR-7miBWRYgpMFyrvf8YEIQ2psLQy3qYjjuN6shjgVIa-GeLSWtv2axqY6sw/s640/2012-07-11+01.02.56.png","/assets/images/blogger.googleusercontent.com/18b5006b52c2536d.png","130237","image/png"
"downloaded","https://blogger.googleusercontent.com/img/b/R29vZ2xl/AVvXsEjuzuD4ludo7j_iCPguq8Yd8mcGhhmTJ8xxOnJA5YfKZycJT48Tvl4C5QXA-lA3dbGhrlCd3gRcbfkE55kgbbw8zq2FSzlzyThOYXgYN-fP9moc1MjUt4_JvwtVZOGAb-epJ1emYw/s9999/1489248851.png","https://blogger.googleusercontent.com/img/b/R29vZ2xl/AVvXsEjuzuD4ludo7j_iCPguq8Yd8mcGhhmTJ8xxOnJA5YfKZycJT48Tvl4C5QXA-lA3dbGhrlCd3gRcbfkE55kgbbw8zq2FSzlzyThOYXgYN-fP9moc1MjUt4_JvwtVZOGAb-epJ1emYw/s9999/1489248851.png","https://blogger.googleusercontent.com/img/b/R29vZ2xl/AVvXsEjuzuD4ludo7j_iCPguq8Yd8mcGhhmTJ8xxOnJA5YfKZycJT48Tvl4C5QXA-lA3dbGhrlCd3gRcbfkE55kgbbw8zq2FSzlzyThOYXgYN-fP9moc1MjUt4_JvwtVZOGAb-epJ1emYw/s9999/1489248851.png","/assets/images/blogger.googleusercontent.com/d394aec42b360b0c.png","813372","image/png"
